frame,student_id,emotion,emotion_duration
9,Richard,neutral,0.04
10,Richard,neutral,0.08
11,Richard,neutral,0.12
12,Richard,neutral,0.16
12,Judy,neutral,0.04
13,Richard,neutral,0.2
13,Victoria,neutral,0.08
13,Karen,neutral,0.04
14,Richard,neutral,0.24000000000000002
14,Abby,neutral,0.12
14,Karen,neutral,0.08
15,Richard,neutral,0.28
15,Abby,neutral,0.16
15,Karen,neutral,0.12
15,Anna,sad,0.04
15,Ellie,neutral,0.04
15,Emily,neutral,0.04
15,Arianna,neutral,0.04
15,Amy,neutral,0.04
15,Jess,neutral,0.04
16,Richard,neutral,0.32
16,Abby,neutral,0.2
16,Karen,neutral,0.16
16,Anna,sad,0.08
16,Ellie,neutral,0.08
16,Emily,neutral,0.08
16,Arianna,neutral,0.08
16,Amy,neutral,0.08
16,Mario,neutral,0.08
16,Dee,neutral,0.04
16,Christie,neutral,0.04
16,Jack,sad,0.04
16,Ralph,sad,0.04
16,Lily,neutral,0.04
16,Jess,neutral,0.04
16,Mary,neutral,0.04
17,Richard,neutral,0.36
17,Abby,neutral,0.24000000000000002
17,Karen,neutral,0.2
17,Anna,sad,0.12
17,Ellie,neutral,0.12
17,Emily,neutral,0.12
17,Kenny,neutral,0.12
17,Amy,neutral,0.12
17,Mario,neutral,0.12
17,Dee,neutral,0.08
17,Christie,neutral,0.08
17,Jack,sad,0.08
17,Ralph,sad,0.08
17,Lily,neutral,0.08
17,Jess,neutral,0.08
17,Mary,neutral,0.08
17,Mary,neutral,0.04
17,Judy,happy,0.04
17,Luigi,neutral,0.04
17,,neutral,0.04
17,Daisy,neutral,0.04
17,Wolf,neutral,0.04
18,Richard,neutral,0.39999999999999997
18,Abby,neutral,0.28
18,Karen,neutral,0.24000000000000002
18,Anna,sad,0.16
18,Ellie,neutral,0.16
18,Emily,neutral,0.16
18,Kenny,neutral,0.16
18,Amy,neutral,0.16
18,Mario,neutral,0.16
18,Dee,neutral,0.12
18,Christie,neutral,0.12
18,Jack,sad,0.12
18,Ralph,fear,0.04
18,Lily,neutral,0.12
18,Abby,neutral,0.12
18,Mary,neutral,0.12
18,Miss,neutral,0.08
18,Judy,sad,0.04
18,Luigi,neutral,0.08
18,Mario,neutral,0.08
18,Daisy,neutral,0.08
18,Wolf,neutral,0.08
18,Mario,neutral,0.04
18,Mary,neutral,0.04
19,Richard,neutral,0.43999999999999995
19,Abby,neutral,0.32
19,Karen,neutral,0.28
19,Anna,neutral,0.04
19,Ellie,neutral,0.2
19,Emily,neutral,0.2
19,Kenny,neutral,0.2
19,Amy,neutral,0.2
19,Mario,neutral,0.2
19,Dee,neutral,0.16
19,Christie,neutral,0.16
19,Jack,neutral,0.04
19,Ralph,fear,0.08
19,Lily,neutral,0.16
19,Abby,neutral,0.16
19,Mary,neutral,0.16
19,Miss,neutral,0.12
19,Judy,sad,0.08
19,Luigi,neutral,0.12
19,Mario,neutral,0.12
19,Daisy,neutral,0.12
19,Wolf,neutral,0.12
19,Mario,neutral,0.08
19,Mary,neutral,0.08
20,Richard,neutral,0.4799999999999999
20,Abby,neutral,0.36
20,Karen,neutral,0.32
20,Anna,sad,0.2
20,Ellie,neutral,0.24000000000000002
20,Emily,neutral,0.24000000000000002
20,Kenny,neutral,0.24000000000000002
20,Amy,neutral,0.24000000000000002
20,Mario,neutral,0.24000000000000002
20,Dee,neutral,0.2
20,Christie,neutral,0.2
20,Jack,neutral,0.08
20,Ralph,sad,0.12
20,Lily,neutral,0.2
20,Abby,neutral,0.2
20,Mary,neutral,0.2
20,Miss,neutral,0.16
20,Judy,sad,0.12
20,Luigi,neutral,0.16
20,Arianna,neutral,0.16
20,Daisy,neutral,0.16
20,Wolf,neutral,0.16
20,Mario,neutral,0.12
20,Mary,neutral,0.12
20,Lils,neutral,0.04
21,Richard,neutral,0.5199999999999999
21,Abby,neutral,0.39999999999999997
21,Karen,neutral,0.36
21,Anna,sad,0.24000000000000002
21,Ellie,neutral,0.28
21,Emily,neutral,0.28
21,Kenny,neutral,0.28
21,Amy,neutral,0.28
21,Mario,neutral,0.28
21,Dee,neutral,0.24000000000000002
21,Christie,neutral,0.24000000000000002
21,Jack,neutral,0.12
21,Ralph,neutral,0.04
21,Lily,neutral,0.24000000000000002
21,Abby,neutral,0.24000000000000002
21,Mary,neutral,0.24000000000000002
21,Miss,neutral,0.2
21,Judy,fear,0.04
21,Luigi,neutral,0.2
21,Arianna,neutral,0.2
21,Daisy,neutral,0.2
21,Wolf,neutral,0.2
21,Mario,neutral,0.16
21,Jess,neutral,0.16
21,Lils,neutral,0.08
22,Richard,neutral,0.5599999999999999
22,Abby,neutral,0.43999999999999995
22,Karen,neutral,0.39999999999999997
22,Anna,sad,0.28
22,Ellie,neutral,0.32
22,Emily,neutral,0.32
22,Kenny,neutral,0.32
22,Amy,neutral,0.32
22,Mario,neutral,0.32
22,Dee,neutral,0.28
22,Christie,neutral,0.28
22,Jack,neutral,0.16
22,Ralph,neutral,0.08
22,Lily,neutral,0.28
22,Abby,neutral,0.28
22,Mary,neutral,0.28
22,Miss,neutral,0.24000000000000002
22,Judy,fear,0.08
22,Luigi,neutral,0.24000000000000002
22,Arianna,neutral,0.24000000000000002
22,Daisy,neutral,0.24000000000000002
22,Wolf,neutral,0.24000000000000002
22,Mario,neutral,0.2
22,Jess,neutral,0.2
22,Lils,neutral,0.12
23,Richard,neutral,0.6
23,Abby,neutral,0.4799999999999999
23,Karen,neutral,0.43999999999999995
23,Anna,sad,0.32
23,Ellie,neutral,0.36
23,Emily,neutral,0.36
23,Kenny,neutral,0.36
23,Amy,neutral,0.36
23,Mario,neutral,0.36
23,Dee,neutral,0.32
23,Christie,neutral,0.32
23,Jack,neutral,0.2
23,Ralph,neutral,0.12
23,Lily,neutral,0.32
23,Abby,neutral,0.32
23,Mary,neutral,0.32
23,Miss,neutral,0.28
23,Judy,sad,0.16
23,Luigi,neutral,0.28
23,Arianna,neutral,0.28
23,Daisy,neutral,0.28
23,Wolf,neutral,0.28
23,Mario,neutral,0.24000000000000002
23,Jess,neutral,0.24000000000000002
23,Lils,neutral,0.16
24,Richard,neutral,0.64
24,Abby,neutral,0.5199999999999999
24,Karen,neutral,0.4799999999999999
24,Anna,sad,0.36
24,Ellie,neutral,0.39999999999999997
24,Emily,neutral,0.39999999999999997
24,Kenny,neutral,0.39999999999999997
24,Amy,neutral,0.39999999999999997
24,Mario,neutral,0.39999999999999997
24,Dee,neutral,0.36
24,Christie,neutral,0.36
24,Jack,neutral,0.24000000000000002
24,Ralph,sad,0.16
24,Lily,neutral,0.36
24,Abby,neutral,0.36
24,Mary,neutral,0.36
24,Miss,neutral,0.32
24,Judy,fear,0.12
24,Luigi,neutral,0.32
24,Arianna,neutral,0.32
24,Daisy,neutral,0.32
24,Wolf,neutral,0.32
24,Mario,neutral,0.28
24,Jess,sad,0.04
24,Lils,neutral,0.2
25,Richard,neutral,0.68
25,Abby,neutral,0.5599999999999999
25,Karen,neutral,0.5199999999999999
25,Anna,sad,0.39999999999999997
25,Ellie,neutral,0.43999999999999995
25,Emily,neutral,0.43999999999999995
25,Kenny,neutral,0.43999999999999995
25,Amy,neutral,0.43999999999999995
25,Mario,neutral,0.43999999999999995
25,Dee,neutral,0.39999999999999997
25,Christie,neutral,0.39999999999999997
25,Jack,neutral,0.28
25,Ralph,neutral,0.16
25,Lily,neutral,0.39999999999999997
25,Abby,neutral,0.39999999999999997
25,Mary,neutral,0.39999999999999997
25,Miss,neutral,0.36
25,Judy,fear,0.16
25,Luigi,neutral,0.36
25,Arianna,neutral,0.36
25,Daisy,neutral,0.36
25,Wolf,neutral,0.36
25,Mario,neutral,0.32
25,Jess,neutral,0.28
25,Lils,neutral,0.24000000000000002
26,Richard,neutral,0.7200000000000001
26,Abby,neutral,0.6
26,Karen,neutral,0.5599999999999999
26,Anna,sad,0.43999999999999995
26,Ellie,neutral,0.4799999999999999
26,Emily,sad,0.04
26,Kenny,neutral,0.4799999999999999
26,Amy,neutral,0.4799999999999999
26,Mario,neutral,0.4799999999999999
26,Dee,neutral,0.43999999999999995
26,Christie,neutral,0.43999999999999995
26,Jack,neutral,0.32
26,Ralph,neutral,0.2
26,Lily,neutral,0.43999999999999995
26,Abby,neutral,0.43999999999999995
26,Mary,neutral,0.43999999999999995
26,Miss,neutral,0.39999999999999997
26,Judy,fear,0.2
26,Luigi,neutral,0.39999999999999997
26,Arianna,neutral,0.39999999999999997
26,Daisy,neutral,0.39999999999999997
26,Wolf,neutral,0.39999999999999997
26,Mario,neutral,0.36
26,Jess,neutral,0.32
26,Lils,neutral,0.28
27,Richard,neutral,0.7600000000000001
27,Abby,neutral,0.64
27,Karen,neutral,0.6
27,Anna,sad,0.4799999999999999
27,Ellie,neutral,0.5199999999999999
27,Emily,sad,0.08
27,Kenny,neutral,0.5199999999999999
27,Amy,neutral,0.5199999999999999
27,Mario,neutral,0.5199999999999999
27,Dee,neutral,0.4799999999999999
27,Christie,neutral,0.4799999999999999
27,Jack,neutral,0.36
27,Ralph,neutral,0.24000000000000002
27,Lily,neutral,0.4799999999999999
27,Abby,neutral,0.4799999999999999
27,Mary,neutral,0.4799999999999999
27,Miss,neutral,0.43999999999999995
27,Judy,fear,0.24000000000000002
27,Luigi,neutral,0.43999999999999995
27,Arianna,neutral,0.43999999999999995
27,Daisy,neutral,0.43999999999999995
27,Wolf,neutral,0.43999999999999995
27,Mario,neutral,0.39999999999999997
27,Jess,neutral,0.36
27,Lils,neutral,0.32
28,Richard,neutral,0.8000000000000002
28,Abby,neutral,0.68
28,Karen,neutral,0.64
28,Anna,sad,0.5199999999999999
28,Ellie,neutral,0.5599999999999999
28,Emily,sad,0.12
28,Kenny,neutral,0.5599999999999999
28,Amy,neutral,0.5599999999999999
28,Mario,neutral,0.5599999999999999
28,Dee,neutral,0.5199999999999999
28,Christie,neutral,0.5199999999999999
28,Jack,neutral,0.39999999999999997
28,Ralph,neutral,0.28
28,Lily,neutral,0.5199999999999999
28,Abby,neutral,0.5199999999999999
28,Mary,neutral,0.5199999999999999
28,Miss,neutral,0.4799999999999999
28,Judy,sad,0.2
28,Luigi,neutral,0.4799999999999999
28,Arianna,neutral,0.4799999999999999
28,Daisy,neutral,0.4799999999999999
28,Wolf,neutral,0.4799999999999999
28,Mario,neutral,0.43999999999999995
28,Jess,neutral,0.39999999999999997
28,Lils,neutral,0.36
29,Richard,neutral,0.8400000000000002
29,Abby,neutral,0.7200000000000001
29,Karen,neutral,0.68
29,Anna,sad,0.5599999999999999
29,Ellie,neutral,0.6
29,Emily,sad,0.16
29,Kenny,neutral,0.6
29,Amy,neutral,0.6
29,Mario,neutral,0.6
29,Dee,neutral,0.5599999999999999
29,Christie,neutral,0.5599999999999999
29,Jack,neutral,0.43999999999999995
29,Ralph,neutral,0.32
29,Lily,neutral,0.5599999999999999
29,Abby,neutral,0.5599999999999999
29,Mary,neutral,0.5599999999999999
29,Miss,neutral,0.5199999999999999
29,Judy,sad,0.24000000000000002
29,Luigi,neutral,0.5199999999999999
29,Arianna,neutral,0.5199999999999999
29,Daisy,neutral,0.5199999999999999
29,Wolf,neutral,0.5199999999999999
29,Mario,neutral,0.4799999999999999
29,Jess,neutral,0.43999999999999995
29,Lils,neutral,0.39999999999999997
30,Richard,neutral,0.8800000000000002
30,Abby,neutral,0.7600000000000001
30,Karen,neutral,0.7200000000000001
30,Anna,sad,0.6
30,Ellie,neutral,0.64
30,Emily,sad,0.2
30,Kenny,neutral,0.64
30,Amy,neutral,0.64
30,Mario,neutral,0.64
30,Dee,neutral,0.6
30,Christie,neutral,0.6
30,Jack,neutral,0.4799999999999999
30,Ralph,neutral,0.36
30,Lily,neutral,0.6
30,Abby,neutral,0.6
30,Mary,neutral,0.6
30,Miss,neutral,0.5599999999999999
30,Judy,sad,0.28
30,Luigi,neutral,0.5599999999999999
30,Arianna,neutral,0.5599999999999999
30,Daisy,neutral,0.5599999999999999
30,Wolf,neutral,0.5599999999999999
30,Mario,neutral,0.5199999999999999
30,Jess,neutral,0.4799999999999999
30,Lils,neutral,0.43999999999999995
31,Richard,neutral,0.9200000000000003
31,Abby,neutral,0.8000000000000002
31,Karen,neutral,0.7600000000000001
31,Anna,sad,0.64
31,Ellie,neutral,0.68
31,Emily,sad,0.24000000000000002
31,Kenny,neutral,0.68
31,Amy,neutral,0.68
31,Mario,neutral,0.68
31,Dee,neutral,0.64
31,Christie,neutral,0.64
31,Jack,neutral,0.5199999999999999
31,Ralph,neutral,0.39999999999999997
31,Lily,neutral,0.64
31,Abby,neutral,0.64
31,Mary,neutral,0.64
31,Mary,neutral,0.6
31,Judy,sad,0.32
31,Luigi,neutral,0.6
31,Arianna,neutral,0.6
31,Daisy,neutral,0.6
31,Wolf,neutral,0.6
31,Mario,neutral,0.5599999999999999
31,Jess,neutral,0.5199999999999999
31,Lils,neutral,0.4799999999999999
32,Richard,neutral,0.9600000000000003
32,Abby,neutral,0.8400000000000002
32,Karen,neutral,0.8000000000000002
32,Anna,sad,0.68
32,Ellie,neutral,0.7200000000000001
32,Emily,sad,0.28
32,Kenny,neutral,0.7200000000000001
32,Amy,neutral,0.7200000000000001
32,Mario,neutral,0.7200000000000001
32,Dee,neutral,0.68
32,Christie,neutral,0.68
32,Jack,neutral,0.5599999999999999
32,Ralph,neutral,0.43999999999999995
32,Lily,neutral,0.68
32,Abby,neutral,0.68
32,Mary,neutral,0.68
32,Mary,neutral,0.64
32,Judy,neutral,0.04
32,Luigi,neutral,0.64
32,Arianna,neutral,0.64
32,Daisy,neutral,0.64
32,Wolf,neutral,0.64
32,Mario,neutral,0.6
32,,neutral,0.5599999999999999
32,Lils,neutral,0.5199999999999999
33,Richard,neutral,1.0000000000000002
33,Abby,neutral,0.8800000000000002
33,Karen,neutral,0.8400000000000002
33,Anna,sad,0.7200000000000001
33,Ellie,neutral,0.7600000000000001
33,Emily,neutral,0.4799999999999999
33,Kenny,neutral,0.7600000000000001
33,Amy,neutral,0.7600000000000001
33,Mario,neutral,0.7600000000000001
33,Dee,neutral,0.7200000000000001
33,Christie,neutral,0.7200000000000001
33,Jack,neutral,0.6
33,Ralph,neutral,0.4799999999999999
33,Lily,neutral,0.7200000000000001
33,Abby,neutral,0.7200000000000001
33,Mary,neutral,0.7200000000000001
33,Mary,neutral,0.68
33,Judy,neutral,0.08
33,Luigi,neutral,0.68
33,Arianna,neutral,0.68
33,Daisy,neutral,0.68
33,Wolf,neutral,0.68
33,Mario,neutral,0.64
33,,neutral,0.6
33,Lils,neutral,0.5599999999999999
34,Richard,neutral,1.0400000000000003
34,Abby,neutral,0.9200000000000003
34,Karen,neutral,0.8800000000000002
34,Anna,sad,0.7600000000000001
34,Ellie,neutral,0.8000000000000002
34,Emily,sad,0.32
34,Kenny,neutral,0.8000000000000002
34,Amy,neutral,0.8000000000000002
34,Mario,neutral,0.8000000000000002
34,Dee,neutral,0.7600000000000001
34,Christie,neutral,0.7600000000000001
34,Jack,neutral,0.64
34,Ralph,neutral,0.5199999999999999
34,Lily,neutral,0.7600000000000001
34,Abby,neutral,0.7600000000000001
34,Mary,neutral,0.7600000000000001
34,Mary,neutral,0.7200000000000001
34,Judy,neutral,0.12
34,Luigi,neutral,0.7200000000000001
34,Arianna,neutral,0.7200000000000001
34,Daisy,neutral,0.7200000000000001
34,Wolf,neutral,0.7200000000000001
34,Mario,neutral,0.68
34,Mary,neutral,0.64
34,Lils,neutral,0.6
35,Richard,neutral,1.0800000000000003
35,Abby,neutral,0.9600000000000003
35,Karen,neutral,0.9200000000000003
35,Anna,sad,0.8000000000000002
35,Ellie,neutral,0.8400000000000002
35,Emily,sad,0.36
35,Kenny,neutral,0.8400000000000002
35,Amy,neutral,0.8400000000000002
35,Mario,neutral,0.8400000000000002
35,Dee,neutral,0.8000000000000002
35,Christie,neutral,0.8000000000000002
35,Jack,neutral,0.68
35,Ralph,neutral,0.5599999999999999
35,Lily,neutral,0.8000000000000002
35,Abby,neutral,0.8000000000000002
35,Mary,neutral,0.8000000000000002
35,Mary,neutral,0.7600000000000001
35,Judy,neutral,0.16
35,Luigi,neutral,0.7600000000000001
35,Arianna,neutral,0.7600000000000001
35,Daisy,neutral,0.7600000000000001
35,Wolf,neutral,0.7600000000000001
35,Mario,neutral,0.7200000000000001
35,Mary,neutral,0.68
35,Lils,neutral,0.64
36,Richard,neutral,1.1200000000000003
36,Abby,neutral,1.0000000000000002
36,Karen,neutral,0.9600000000000003
36,Anna,sad,0.8400000000000002
36,Ellie,neutral,0.8800000000000002
36,Emily,sad,0.39999999999999997
36,Kenny,neutral,0.8800000000000002
36,Amy,neutral,0.8800000000000002
36,Mario,neutral,0.8800000000000002
36,Dee,neutral,0.8400000000000002
36,Christie,neutral,0.8400000000000002
36,Jack,neutral,0.7200000000000001
36,Ralph,neutral,0.6
36,Lily,neutral,0.8400000000000002
36,Abby,neutral,0.8400000000000002
36,Mary,neutral,0.8400000000000002
36,Mary,neutral,0.8000000000000002
36,Judy,neutral,0.2
36,Luigi,neutral,0.8000000000000002
36,Arianna,neutral,0.8000000000000002
36,Daisy,neutral,0.8000000000000002
36,Wolf,neutral,0.8000000000000002
36,Mario,neutral,0.7600000000000001
36,,neutral,0.7200000000000001
36,Lils,neutral,0.68
37,Richard,neutral,1.1600000000000004
37,Abby,neutral,1.0400000000000003
37,Karen,neutral,1.0000000000000002
37,Anna,sad,0.8800000000000002
37,Ellie,neutral,0.9200000000000003
37,Emily,sad,0.43999999999999995
37,Kenny,neutral,0.9200000000000003
37,Amy,neutral,0.9200000000000003
37,Mario,neutral,0.9200000000000003
37,Dee,neutral,0.8800000000000002
37,Christie,neutral,0.8800000000000002
37,Jack,neutral,0.7600000000000001
37,Ralph,neutral,0.64
37,Lily,neutral,0.8800000000000002
37,Abby,neutral,0.8800000000000002
37,Mary,neutral,0.8800000000000002
37,Mary,neutral,0.8400000000000002
37,Judy,neutral,0.24000000000000002
37,Luigi,neutral,0.8400000000000002
37,Arianna,neutral,0.8400000000000002
37,Daisy,neutral,0.8400000000000002
37,Wolf,neutral,0.8400000000000002
37,Mario,neutral,0.8000000000000002
37,Jess,neutral,0.7600000000000001
37,Lils,neutral,0.7200000000000001
38,Richard,neutral,1.2000000000000004
38,Abby,neutral,1.0800000000000003
38,Karen,neutral,1.0400000000000003
38,Anna,sad,0.9200000000000003
38,Ellie,neutral,0.9600000000000003
38,Emily,sad,0.4799999999999999
38,Kenny,neutral,0.9600000000000003
38,Amy,neutral,0.9600000000000003
38,Mario,neutral,0.9600000000000003
38,Dee,neutral,0.9200000000000003
38,Christie,neutral,0.9200000000000003
38,Jack,neutral,0.8000000000000002
38,Ralph,neutral,0.68
38,Lily,sad,0.04
38,Abby,neutral,0.9200000000000003
38,Mary,neutral,0.9200000000000003
38,Mary,neutral,0.8800000000000002
38,Judy,neutral,0.28
38,Luigi,neutral,0.8800000000000002
38,Arianna,neutral,0.8800000000000002
38,Daisy,neutral,0.8800000000000002
38,Wolf,neutral,0.8800000000000002
38,Mario,neutral,0.8400000000000002
38,,neutral,0.8000000000000002
38,Lils,neutral,0.7600000000000001
39,Richard,neutral,1.2400000000000004
39,Abby,neutral,1.1200000000000003
39,Karen,neutral,1.0800000000000003
39,Anna,fear,0.04
39,Ellie,neutral,1.0000000000000002
39,Emily,sad,0.5199999999999999
39,Kenny,neutral,1.0000000000000002
39,Amy,neutral,1.0000000000000002
39,Jess,neutral,1.0000000000000002
39,Dee,neutral,0.9600000000000003
39,Christie,neutral,0.9600000000000003
39,Jack,neutral,0.8400000000000002
39,Ralph,neutral,0.7200000000000001
39,Lily,neutral,0.9200000000000003
39,Abby,neutral,0.9600000000000003
39,Mary,neutral,0.9600000000000003
39,Mary,neutral,0.9200000000000003
39,Judy,neutral,0.32
39,Luigi,neutral,0.9200000000000003
39,Arianna,neutral,0.9200000000000003
39,Daisy,neutral,0.9200000000000003
39,Wolf,neutral,0.9200000000000003
39,Mario,neutral,0.8800000000000002
39,,neutral,0.8400000000000002
39,Lils,neutral,0.8000000000000002
40,Richard,neutral,1.2800000000000005
40,Abby,neutral,1.1600000000000004
40,Karen,neutral,1.1200000000000003
40,Anna,sad,0.9600000000000003
40,Ellie,neutral,1.0400000000000003
40,Emily,sad,0.5599999999999999
40,Kenny,neutral,1.0400000000000003
40,Amy,neutral,1.0400000000000003
40,Jess,neutral,1.0400000000000003
40,Dee,neutral,1.0000000000000002
40,Christie,neutral,1.0000000000000002
40,Jack,neutral,0.8800000000000002
40,Ralph,neutral,0.7600000000000001
40,Lily,neutral,0.9600000000000003
40,Abby,neutral,1.0000000000000002
40,Mary,neutral,1.0000000000000002
40,Mary,neutral,0.9600000000000003
40,Judy,neutral,0.36
40,Luigi,neutral,0.9600000000000003
40,Arianna,neutral,0.9600000000000003
40,Daisy,neutral,0.9600000000000003
40,Wolf,neutral,0.9600000000000003
40,Mario,neutral,0.9200000000000003
40,,neutral,0.8800000000000002
40,Lils,neutral,0.8400000000000002
41,Richard,neutral,1.3200000000000005
41,Abby,neutral,1.2000000000000004
41,Karen,neutral,1.1600000000000004
41,Anna,sad,1.0000000000000002
41,Ellie,neutral,1.0800000000000003
41,Emily,sad,0.6
41,Kenny,neutral,1.0800000000000003
41,Amy,neutral,1.0800000000000003
41,Jess,neutral,1.0800000000000003
41,Dee,neutral,1.0400000000000003
41,Christie,neutral,1.0400000000000003
41,Jack,neutral,0.9200000000000003
41,Ralph,neutral,0.8000000000000002
41,Lily,neutral,1.0000000000000002
41,Abby,neutral,1.0400000000000003
41,Mary,neutral,1.0400000000000003
41,Mary,neutral,1.0000000000000002
41,Judy,sad,0.36
41,Luigi,neutral,1.0000000000000002
41,Arianna,neutral,1.0000000000000002
41,Daisy,neutral,1.0000000000000002
41,Wolf,neutral,1.0000000000000002
41,Mario,neutral,0.9600000000000003
41,,neutral,0.9200000000000003
41,Lils,neutral,0.8800000000000002
42,Richard,neutral,1.3600000000000005
42,Abby,neutral,1.2400000000000004
42,Karen,neutral,1.2000000000000004
42,Anna,sad,1.0400000000000003
42,Ellie,neutral,1.1200000000000003
42,Emily,sad,0.64
42,Kenny,neutral,1.1200000000000003
42,Amy,neutral,1.1200000000000003
42,Jess,neutral,1.1200000000000003
42,Dee,neutral,1.0800000000000003
42,Christie,neutral,1.0800000000000003
42,Jack,neutral,0.9600000000000003
42,Ralph,neutral,0.8400000000000002
42,Lily,neutral,1.0400000000000003
42,Abby,neutral,1.0800000000000003
42,Mary,neutral,1.0800000000000003
42,Mary,neutral,1.0400000000000003
42,Judy,neutral,0.39999999999999997
42,Luigi,neutral,1.0400000000000003
42,Arianna,neutral,1.0400000000000003
42,Daisy,neutral,1.0400000000000003
42,Wolf,neutral,1.0400000000000003
42,Mario,neutral,1.0000000000000002
42,,neutral,0.9600000000000003
42,Lils,neutral,0.9200000000000003
43,Richard,neutral,1.4000000000000006
43,Abby,neutral,1.2800000000000005
43,Karen,neutral,1.2400000000000004
43,Anna,sad,1.0800000000000003
43,Ellie,neutral,1.1600000000000004
43,Emily,sad,0.68
43,Kenny,neutral,1.1600000000000004
43,Amy,neutral,1.1600000000000004
43,Jess,neutral,1.1600000000000004
43,Dee,neutral,1.1200000000000003
43,Christie,neutral,1.1200000000000003
43,Jack,neutral,1.0000000000000002
43,Ralph,sad,0.2
43,Lily,neutral,1.0800000000000003
43,Abby,neutral,1.1200000000000003
43,Mary,neutral,1.1200000000000003
43,Mary,neutral,1.0800000000000003
43,Judy,neutral,0.43999999999999995
43,Luigi,neutral,1.0800000000000003
43,Arianna,neutral,1.0800000000000003
43,Daisy,neutral,1.0800000000000003
43,Wolf,neutral,1.0800000000000003
43,Mario,neutral,1.0400000000000003
43,,neutral,1.0000000000000002
43,Lils,neutral,0.9600000000000003
44,Richard,neutral,1.4400000000000006
44,Abby,neutral,1.3200000000000005
44,Karen,neutral,1.2800000000000005
44,Anna,sad,1.1200000000000003
44,Ellie,neutral,1.2000000000000004
44,Emily,sad,0.7200000000000001
44,Kenny,neutral,1.2000000000000004
44,Amy,neutral,1.2000000000000004
44,Jess,neutral,1.2000000000000004
44,Dee,neutral,1.1600000000000004
44,Christie,neutral,1.1600000000000004
44,Jack,neutral,1.0400000000000003
44,Ralph,neutral,0.8800000000000002
44,Lily,neutral,1.1200000000000003
44,Abby,neutral,1.1600000000000004
44,Mary,neutral,1.1600000000000004
44,Mary,neutral,1.1200000000000003
44,Judy,neutral,0.4799999999999999
44,Luigi,neutral,1.1200000000000003
44,Arianna,neutral,1.1200000000000003
44,Daisy,neutral,1.1200000000000003
44,Wolf,neutral,1.1200000000000003
44,Mario,neutral,1.0800000000000003
44,,neutral,1.0400000000000003
44,Lils,neutral,1.0000000000000002
45,Richard,neutral,1.4800000000000006
45,Abby,neutral,1.3600000000000005
45,Karen,neutral,1.3200000000000005
45,Anna,sad,1.1600000000000004
45,Ellie,neutral,1.2400000000000004
45,Emily,sad,0.7600000000000001
45,Kenny,neutral,1.2400000000000004
45,Amy,neutral,1.2400000000000004
45,Jess,neutral,1.2400000000000004
45,Dee,neutral,1.2000000000000004
45,Christie,neutral,1.2000000000000004
45,Jack,neutral,1.0800000000000003
45,Ralph,neutral,0.9200000000000003
45,Lily,neutral,1.1600000000000004
45,Abby,neutral,1.2000000000000004
45,Mary,neutral,1.2000000000000004
45,Mary,neutral,1.1600000000000004
45,Judy,neutral,0.5199999999999999
45,Luigi,neutral,1.1600000000000004
45,Arianna,neutral,1.1600000000000004
45,Daisy,neutral,1.1600000000000004
45,Wolf,neutral,1.1600000000000004
45,Mario,neutral,1.1200000000000003
45,Mary,neutral,1.0800000000000003
45,Lils,neutral,1.0400000000000003
46,Richard,neutral,1.5200000000000007
46,Abby,neutral,1.4000000000000006
46,Karen,neutral,1.3600000000000005
46,Anna,sad,1.2000000000000004
46,Ellie,neutral,1.2800000000000005
46,Emily,sad,0.8000000000000002
46,Kenny,neutral,1.2800000000000005
46,Amy,neutral,1.2800000000000005
46,Jess,neutral,1.2800000000000005
46,Dee,neutral,1.2400000000000004
46,Christie,neutral,1.2400000000000004
46,Jack,neutral,1.1200000000000003
46,Ralph,sad,0.24000000000000002
46,Lily,neutral,1.2000000000000004
46,Abby,neutral,1.2400000000000004
46,Mary,neutral,1.2400000000000004
46,Mary,neutral,1.2000000000000004
46,Judy,neutral,0.5599999999999999
46,Luigi,neutral,1.2000000000000004
46,Arianna,neutral,1.2000000000000004
46,Daisy,neutral,1.2000000000000004
46,Wolf,neutral,1.2000000000000004
46,Mario,neutral,1.1600000000000004
46,Mary,neutral,1.1200000000000003
46,Lils,neutral,1.0800000000000003
47,Richard,neutral,1.5600000000000007
47,Abby,neutral,1.4400000000000006
47,Karen,neutral,1.4000000000000006
47,Anna,sad,1.2400000000000004
47,Ellie,neutral,1.3200000000000005
47,Emily,sad,0.8400000000000002
47,Kenny,neutral,1.3200000000000005
47,Amy,neutral,1.3200000000000005
47,Jess,neutral,1.3200000000000005
47,Dee,neutral,1.2800000000000005
47,Christie,neutral,1.2800000000000005
47,Jack,neutral,1.1600000000000004
47,Ralph,neutral,0.9600000000000003
47,Lily,neutral,1.2400000000000004
47,Abby,neutral,1.2800000000000005
47,Mary,neutral,1.2800000000000005
47,Mary,neutral,1.2400000000000004
47,Judy,neutral,0.6
47,Luigi,neutral,1.2400000000000004
47,Arianna,neutral,1.2400000000000004
47,Daisy,neutral,1.2400000000000004
47,Wolf,neutral,1.2400000000000004
47,Mario,neutral,1.2000000000000004
47,Mary,neutral,1.1600000000000004
47,Lils,neutral,1.1200000000000003
48,Richard,neutral,1.6000000000000008
48,Abby,neutral,1.4800000000000006
48,Karen,neutral,1.4400000000000006
48,Anna,neutral,0.08
48,Ellie,neutral,1.3600000000000005
48,Emily,sad,0.8800000000000002
48,Kenny,neutral,1.3600000000000005
48,Amy,neutral,1.3600000000000005
48,Jess,neutral,1.3600000000000005
48,Dee,neutral,1.3200000000000005
48,Christie,neutral,1.3200000000000005
48,Jack,neutral,1.2000000000000004
48,Ralph,neutral,1.0000000000000002
48,Lily,neutral,1.2800000000000005
48,Abby,neutral,1.3200000000000005
48,Mary,neutral,1.3200000000000005
48,Mary,neutral,1.2800000000000005
48,Judy,neutral,0.64
48,Luigi,neutral,1.2800000000000005
48,,neutral,1.2800000000000005
48,Daisy,neutral,1.2800000000000005
48,Wolf,neutral,1.2800000000000005
48,Mario,neutral,1.2400000000000004
48,Mary,neutral,1.2000000000000004
48,Lils,neutral,1.1600000000000004
49,Richard,neutral,1.6400000000000008
49,Abby,neutral,1.5200000000000007
49,Karen,neutral,1.4800000000000006
49,Anna,neutral,0.12
49,Ellie,neutral,1.4000000000000006
49,Emily,sad,0.9200000000000003
49,Kenny,neutral,1.4000000000000006
49,Amy,neutral,1.4000000000000006
49,Jess,neutral,1.4000000000000006
49,Dee,neutral,1.3600000000000005
49,Christie,neutral,1.3600000000000005
49,Jack,neutral,1.2400000000000004
49,Ralph,neutral,1.0400000000000003
49,Lily,neutral,1.3200000000000005
49,Abby,neutral,1.3600000000000005
49,Mary,neutral,1.3600000000000005
49,Mary,neutral,1.3200000000000005
49,Judy,neutral,0.68
49,Luigi,neutral,1.3200000000000005
49,Arianna,neutral,1.3200000000000005
49,Daisy,neutral,1.3200000000000005
49,Wolf,neutral,1.3200000000000005
49,Mario,neutral,1.2800000000000005
49,Mary,neutral,1.2400000000000004
49,Lils,neutral,1.2000000000000004
50,Richard,neutral,1.6800000000000008
50,Abby,neutral,1.5600000000000007
50,Karen,neutral,1.5200000000000007
50,Anna,neutral,0.16
50,Ellie,neutral,1.4400000000000006
50,Emily,sad,0.9600000000000003
50,Kenny,neutral,1.4400000000000006
50,Amy,neutral,1.4400000000000006
50,Jess,neutral,1.4400000000000006
50,Dee,neutral,1.4000000000000006
50,Christie,neutral,1.4000000000000006
50,Jack,neutral,1.2800000000000005
50,Ralph,sad,0.28
50,Lily,neutral,1.3600000000000005
50,Abby,neutral,1.4000000000000006
50,Mary,neutral,1.4000000000000006
50,Mary,neutral,1.3600000000000005
50,Judy,neutral,0.7200000000000001
50,Luigi,neutral,1.3600000000000005
50,Arianna,neutral,1.3600000000000005
50,Daisy,neutral,1.3600000000000005
50,Wolf,neutral,1.3600000000000005
50,Mario,neutral,1.3200000000000005
50,Mary,happy,0.04
50,Lils,neutral,1.2400000000000004
51,Richard,neutral,1.7200000000000009
51,Abby,neutral,1.6000000000000008
51,Karen,neutral,1.5600000000000007
51,Anna,neutral,0.2
51,Ellie,neutral,1.4800000000000006
51,Emily,sad,1.0000000000000002
51,Kenny,neutral,1.4800000000000006
51,Amy,neutral,1.4800000000000006
51,Jess,neutral,1.4800000000000006
51,Dee,neutral,1.4400000000000006
51,Christie,neutral,1.4400000000000006
51,Jack,neutral,1.3200000000000005
51,Ralph,neutral,1.0800000000000003
51,Lily,neutral,1.4000000000000006
51,Abby,neutral,1.4400000000000006
51,Mary,neutral,1.4400000000000006
51,Mary,neutral,1.4000000000000006
51,Judy,neutral,0.7600000000000001
51,Luigi,neutral,1.4000000000000006
51,Arianna,neutral,1.4000000000000006
51,Daisy,neutral,1.4000000000000006
51,Wolf,neutral,1.4000000000000006
51,Mario,neutral,1.3600000000000005
51,Mary,neutral,1.2800000000000005
51,Lils,neutral,1.2800000000000005
52,Richard,neutral,1.760000000000001
52,Abby,neutral,1.6400000000000008
52,Karen,neutral,1.6000000000000008
52,Anna,neutral,0.24000000000000002
52,Ellie,neutral,1.5200000000000007
52,Emily,sad,1.0400000000000003
52,Kenny,neutral,1.5200000000000007
52,Amy,neutral,1.5200000000000007
52,Jess,neutral,1.5200000000000007
52,Dee,neutral,1.4800000000000006
52,Christie,neutral,1.4800000000000006
52,Jack,fear,0.04
52,Ralph,sad,0.32
52,Lily,neutral,1.4400000000000006
52,Abby,neutral,1.4800000000000006
52,Mary,neutral,1.4800000000000006
52,Mary,neutral,1.4400000000000006
52,Judy,neutral,0.8000000000000002
52,Luigi,neutral,1.4400000000000006
52,Arianna,neutral,1.4400000000000006
52,Daisy,neutral,1.4400000000000006
52,Wolf,neutral,1.4400000000000006
52,Mario,neutral,1.4000000000000006
52,Mary,neutral,1.3200000000000005
52,Lils,neutral,1.3200000000000005
53,Richard,neutral,1.800000000000001
53,Abby,neutral,1.6800000000000008
53,Karen,neutral,1.6400000000000008
53,Anna,sad,1.2800000000000005
53,Ellie,neutral,1.5600000000000007
53,Emily,sad,1.0800000000000003
53,Kenny,neutral,1.5600000000000007
53,Amy,neutral,1.5600000000000007
53,Jess,neutral,1.5600000000000007
53,Dee,neutral,1.5200000000000007
53,Christie,neutral,1.5200000000000007
53,Jack,surprise,0.04
53,Ralph,sad,0.36
53,Lily,neutral,1.4800000000000006
53,Abby,neutral,1.5200000000000007
53,Mary,neutral,1.5200000000000007
53,Mary,neutral,1.4800000000000006
53,Judy,sad,0.39999999999999997
53,Luigi,neutral,1.4800000000000006
53,Arianna,neutral,1.4800000000000006
53,Daisy,neutral,1.4800000000000006
53,Wolf,neutral,1.4800000000000006
53,Mario,neutral,1.4400000000000006
53,Mary,neutral,1.3600000000000005
53,Lils,neutral,1.3600000000000005
54,Richard,neutral,1.840000000000001
54,Abby,neutral,1.7200000000000009
54,Karen,neutral,1.6800000000000008
54,Anna,neutral,0.28
54,Ellie,neutral,1.6000000000000008
54,Emily,sad,1.1200000000000003
54,Kenny,neutral,1.6000000000000008
54,Amy,neutral,1.6000000000000008
54,Jess,neutral,1.6000000000000008
54,Dee,neutral,1.5600000000000007
54,Christie,neutral,1.5600000000000007
54,Jack,neutral,1.3600000000000005
54,Ralph,sad,0.39999999999999997
54,Lily,neutral,1.5200000000000007
54,Abby,neutral,1.5600000000000007
54,Mary,neutral,1.5600000000000007
54,Mary,neutral,1.5200000000000007
54,Judy,sad,0.43999999999999995
54,Luigi,neutral,1.5200000000000007
54,Arianna,neutral,1.5200000000000007
54,Daisy,neutral,1.5200000000000007
54,Wolf,neutral,1.5200000000000007
54,Mario,neutral,1.4800000000000006
54,Mary,neutral,1.4000000000000006
54,Lils,neutral,1.4000000000000006
55,Richard,neutral,1.880000000000001
55,Abby,neutral,1.760000000000001
55,Karen,neutral,1.7200000000000009
55,Anna,neutral,0.32
55,Ellie,neutral,1.6400000000000008
55,Emily,sad,1.1600000000000004
55,Kenny,neutral,1.6400000000000008
55,Amy,neutral,1.6400000000000008
55,Jess,neutral,1.6400000000000008
55,Dee,neutral,1.6000000000000008
55,Christie,neutral,1.6000000000000008
55,Jack,neutral,1.4000000000000006
55,Ralph,sad,0.43999999999999995
55,Lily,neutral,1.5600000000000007
55,Abby,neutral,1.6000000000000008
55,Mary,neutral,1.6000000000000008
55,Mary,neutral,1.5600000000000007
55,Judy,sad,0.4799999999999999
55,Luigi,neutral,1.5600000000000007
55,Arianna,neutral,1.5600000000000007
55,Daisy,neutral,1.5600000000000007
55,Wolf,neutral,1.5600000000000007
55,Mario,neutral,1.5200000000000007
55,Mary,neutral,1.4400000000000006
55,Lils,neutral,1.4400000000000006
56,Richard,neutral,1.920000000000001
56,Abby,neutral,1.800000000000001
56,Karen,neutral,1.760000000000001
56,Anna,neutral,0.36
56,Ellie,neutral,1.6800000000000008
56,Emily,sad,1.2000000000000004
56,Kenny,neutral,1.6800000000000008
56,Amy,neutral,1.6800000000000008
56,Jess,neutral,1.6800000000000008
56,Dee,neutral,1.6400000000000008
56,Christie,neutral,1.6400000000000008
56,Jack,neutral,1.4400000000000006
56,Ralph,sad,0.4799999999999999
56,Lily,neutral,1.6000000000000008
56,Abby,neutral,1.6400000000000008
56,Mary,neutral,1.6400000000000008
56,Mary,neutral,1.6000000000000008
56,Judy,neutral,0.8400000000000002
56,Luigi,neutral,1.6000000000000008
56,Arianna,neutral,1.6000000000000008
56,Daisy,neutral,1.6000000000000008
56,Wolf,neutral,1.6000000000000008
56,Mario,neutral,1.5600000000000007
56,Mary,neutral,1.4800000000000006
56,Lils,neutral,1.4800000000000006
57,Richard,neutral,1.960000000000001
57,Abby,neutral,1.840000000000001
57,Karen,neutral,1.800000000000001
57,Anna,sad,1.3200000000000005
57,Ellie,neutral,1.7200000000000009
57,Emily,sad,1.2400000000000004
57,Kenny,neutral,1.7200000000000009
57,Amy,neutral,1.7200000000000009
57,Jess,neutral,1.7200000000000009
57,Dee,neutral,1.6800000000000008
57,Christie,neutral,1.6800000000000008
57,Jack,neutral,1.4800000000000006
57,Ralph,sad,0.5199999999999999
57,Lily,neutral,1.6400000000000008
57,Abby,neutral,1.6800000000000008
57,Mary,neutral,1.6800000000000008
57,Mary,neutral,1.6400000000000008
57,Judy,neutral,0.8800000000000002
57,Luigi,neutral,1.6400000000000008
57,Arianna,neutral,1.6400000000000008
57,Daisy,neutral,1.6400000000000008
57,Wolf,neutral,1.6400000000000008
57,Mario,neutral,1.6000000000000008
57,Mary,happy,0.08
57,Lils,neutral,1.5200000000000007
58,Richard,neutral,2.000000000000001
58,Abby,neutral,1.880000000000001
58,Karen,neutral,1.840000000000001
58,Anna,sad,1.3600000000000005
58,Ellie,neutral,1.760000000000001
58,Emily,sad,1.2800000000000005
58,Kenny,neutral,1.760000000000001
58,Amy,neutral,1.760000000000001
58,Jess,neutral,1.760000000000001
58,Dee,neutral,1.7200000000000009
58,Christie,neutral,1.7200000000000009
58,Jack,neutral,1.5200000000000007
58,Ralph,sad,0.5599999999999999
58,Lily,neutral,1.6800000000000008
58,Abby,neutral,1.7200000000000009
58,Mary,neutral,1.7200000000000009
58,Mary,neutral,1.6800000000000008
58,Judy,sad,0.5199999999999999
58,Luigi,neutral,1.6800000000000008
58,,neutral,1.6800000000000008
58,Daisy,neutral,1.6800000000000008
58,Wolf,neutral,1.6800000000000008
58,Mario,neutral,1.6400000000000008
58,Mary,neutral,1.5200000000000007
58,Lils,neutral,1.5600000000000007
59,Richard,neutral,2.040000000000001
59,Abby,neutral,1.920000000000001
59,Karen,neutral,1.880000000000001
59,Anna,sad,1.4000000000000006
59,Ellie,neutral,1.800000000000001
59,Emily,neutral,0.5199999999999999
59,Kenny,neutral,1.800000000000001
59,Amy,neutral,1.800000000000001
59,Jess,neutral,1.800000000000001
59,Dee,neutral,1.760000000000001
59,Christie,neutral,1.760000000000001
59,Jack,neutral,1.5600000000000007
59,Ralph,neutral,1.1200000000000003
59,Lily,neutral,1.7200000000000009
59,Abby,neutral,1.760000000000001
59,Mary,neutral,1.760000000000001
59,Mary,neutral,1.7200000000000009
59,Judy,neutral,0.9200000000000003
59,Luigi,neutral,1.7200000000000009
59,Arianna,neutral,1.7200000000000009
59,Daisy,neutral,1.7200000000000009
59,Wolf,neutral,1.7200000000000009
59,Mario,neutral,1.6800000000000008
59,Mary,surprise,0.04
59,Lils,neutral,1.6000000000000008
60,Richard,neutral,2.080000000000001
60,Abby,neutral,1.960000000000001
60,Karen,neutral,1.920000000000001
60,Anna,sad,1.4400000000000006
60,Ellie,neutral,1.840000000000001
60,Emily,sad,1.3200000000000005
60,Kenny,neutral,1.840000000000001
60,Amy,neutral,1.840000000000001
60,Jess,neutral,1.840000000000001
60,Dee,neutral,1.800000000000001
60,Christie,neutral,1.800000000000001
60,Jack,neutral,1.6000000000000008
60,Ralph,fear,0.12
60,Lily,neutral,1.760000000000001
60,Abby,neutral,1.800000000000001
60,Mary,neutral,1.800000000000001
60,Mary,neutral,1.760000000000001
60,Judy,neutral,0.9600000000000003
60,Luigi,neutral,1.760000000000001
60,Arianna,neutral,1.760000000000001
60,Daisy,neutral,1.760000000000001
60,Wolf,neutral,1.760000000000001
60,Mario,neutral,1.7200000000000009
60,Mary,neutral,1.5600000000000007
60,Lils,neutral,1.6400000000000008
61,Richard,neutral,2.120000000000001
61,Abby,neutral,2.000000000000001
61,Karen,neutral,1.960000000000001
61,Anna,sad,1.4800000000000006
61,Ellie,neutral,1.880000000000001
61,Emily,sad,1.3600000000000005
61,Kenny,neutral,1.880000000000001
61,Amy,neutral,1.880000000000001
61,Jess,neutral,1.880000000000001
61,Dee,neutral,1.840000000000001
61,Christie,neutral,1.840000000000001
61,Jack,neutral,1.6400000000000008
61,Ralph,neutral,1.1600000000000004
61,Lily,neutral,1.800000000000001
61,Abby,neutral,1.840000000000001
61,Mary,neutral,1.840000000000001
61,Mary,neutral,1.800000000000001
61,Judy,sad,0.5599999999999999
61,Luigi,neutral,1.800000000000001
61,Arianna,neutral,1.800000000000001
61,Daisy,neutral,1.800000000000001
61,Wolf,neutral,1.800000000000001
61,Mario,neutral,1.760000000000001
61,Mary,neutral,1.6000000000000008
61,Lils,neutral,1.6800000000000008
62,Richard,neutral,2.160000000000001
62,Abby,neutral,2.040000000000001
62,Karen,neutral,2.000000000000001
62,Anna,sad,1.5200000000000007
62,Ellie,neutral,1.920000000000001
62,Emily,sad,1.4000000000000006
62,Kenny,neutral,1.920000000000001
62,Amy,neutral,1.920000000000001
62,Jess,neutral,1.920000000000001
62,Dee,neutral,1.880000000000001
62,Christie,neutral,1.880000000000001
62,Jack,neutral,1.6800000000000008
62,Ralph,neutral,1.2000000000000004
62,Lily,neutral,1.840000000000001
62,Abby,neutral,1.880000000000001
62,Mary,neutral,1.880000000000001
62,Mary,neutral,1.840000000000001
62,Judy,neutral,1.0000000000000002
62,Luigi,neutral,1.840000000000001
62,Arianna,neutral,1.840000000000001
62,Daisy,neutral,1.840000000000001
62,Wolf,neutral,1.840000000000001
62,Mario,neutral,1.800000000000001
62,Mary,neutral,1.6400000000000008
62,Lils,neutral,1.7200000000000009
63,Richard,neutral,2.200000000000001
63,Abby,neutral,2.080000000000001
63,Karen,neutral,2.040000000000001
63,Anna,neutral,0.39999999999999997
63,Ellie,neutral,1.960000000000001
63,Emily,sad,1.4400000000000006
63,Kenny,neutral,1.960000000000001
63,Amy,neutral,1.960000000000001
63,Jess,neutral,1.960000000000001
63,Dee,neutral,1.920000000000001
63,Christie,neutral,1.920000000000001
63,Jack,neutral,1.7200000000000009
63,Ralph,neutral,1.2400000000000004
63,Lily,neutral,1.880000000000001
63,Abby,neutral,1.920000000000001
63,Mary,neutral,1.920000000000001
63,Mary,neutral,1.880000000000001
63,Judy,fear,0.28
63,Luigi,neutral,1.880000000000001
63,Arianna,neutral,1.880000000000001
63,Daisy,neutral,1.880000000000001
63,Wolf,neutral,1.880000000000001
63,Mario,neutral,1.840000000000001
63,Mary,neutral,1.6800000000000008
63,Lils,neutral,1.760000000000001
64,Richard,neutral,2.240000000000001
64,Abby,neutral,2.120000000000001
64,Karen,neutral,2.080000000000001
64,Anna,neutral,0.43999999999999995
64,Ellie,neutral,2.000000000000001
64,Emily,sad,1.4800000000000006
64,Kenny,neutral,2.000000000000001
64,Amy,neutral,2.000000000000001
64,Jess,neutral,2.000000000000001
64,Dee,neutral,1.960000000000001
64,Christie,neutral,1.960000000000001
64,Jack,neutral,1.760000000000001
64,Ralph,fear,0.16
64,Lily,neutral,1.920000000000001
64,Abby,neutral,1.960000000000001
64,Mary,neutral,1.960000000000001
64,Mary,neutral,1.920000000000001
64,Judy,fear,0.32
64,Luigi,neutral,1.920000000000001
64,Arianna,neutral,1.920000000000001
64,Daisy,neutral,1.920000000000001
64,Wolf,neutral,1.920000000000001
64,Mario,neutral,1.880000000000001
64,Mary,neutral,1.7200000000000009
64,Lils,neutral,1.800000000000001
65,Richard,neutral,2.280000000000001
65,Abby,neutral,2.160000000000001
65,Karen,neutral,2.120000000000001
65,Anna,neutral,0.4799999999999999
65,Ellie,neutral,2.040000000000001
65,Emily,neutral,0.5599999999999999
65,Kenny,neutral,2.040000000000001
65,Amy,neutral,2.040000000000001
65,Jess,neutral,2.040000000000001
65,Dee,neutral,2.000000000000001
65,Christie,neutral,2.000000000000001
65,Jack,neutral,1.800000000000001
65,Ralph,neutral,1.2800000000000005
65,Lily,neutral,1.960000000000001
65,Abby,neutral,2.000000000000001
65,Mary,neutral,2.000000000000001
65,Mary,neutral,1.960000000000001
65,Judy,fear,0.36
65,Luigi,neutral,1.960000000000001
65,Arianna,neutral,1.960000000000001
65,Daisy,neutral,1.960000000000001
65,Wolf,neutral,1.960000000000001
65,Mario,angry,0.04
65,,neutral,1.760000000000001
65,Lils,neutral,1.840000000000001
66,Richard,neutral,2.320000000000001
66,Abby,neutral,2.200000000000001
66,Karen,neutral,2.160000000000001
66,Anna,neutral,0.5199999999999999
66,Ellie,neutral,2.080000000000001
66,Emily,sad,1.5200000000000007
66,Kenny,neutral,2.080000000000001
66,Amy,neutral,2.080000000000001
66,Jess,neutral,2.080000000000001
66,Dee,angry,0.04
66,Christie,neutral,2.040000000000001
66,Jack,neutral,1.840000000000001
66,Ralph,neutral,1.3200000000000005
66,Lily,neutral,2.000000000000001
66,Abby,neutral,2.040000000000001
66,Mary,neutral,2.040000000000001
66,Mary,neutral,2.000000000000001
66,Judy,sad,0.6
66,Luigi,neutral,2.000000000000001
66,Arianna,neutral,2.000000000000001
66,Daisy,neutral,2.000000000000001
66,Wolf,neutral,2.000000000000001
66,Mario,angry,0.08
66,,neutral,1.800000000000001
66,Lils,neutral,1.880000000000001
67,,neutral,2.360000000000001
67,Abby,neutral,2.240000000000001
67,Karen,neutral,2.200000000000001
67,Anna,neutral,0.5599999999999999
67,Ellie,neutral,2.120000000000001
67,Emily,sad,1.5600000000000007
67,Kenny,neutral,2.120000000000001
67,Amy,neutral,2.120000000000001
67,Jess,neutral,2.120000000000001
67,Dee,angry,0.08
67,Christie,neutral,2.080000000000001
67,Jack,neutral,1.880000000000001
67,Ralph,neutral,1.3600000000000005
67,Lily,neutral,2.040000000000001
67,Abby,neutral,2.080000000000001
67,Mary,neutral,2.080000000000001
67,Mary,neutral,2.040000000000001
67,Judy,neutral,1.0400000000000003
67,Luigi,neutral,2.040000000000001
67,Arianna,neutral,2.040000000000001
67,Daisy,neutral,2.040000000000001
67,Wolf,surprise,0.04
67,Mario,neutral,1.920000000000001
67,Mary,neutral,1.840000000000001
67,Lils,neutral,1.920000000000001
68,Richard,neutral,2.4000000000000012
68,Abby,neutral,2.280000000000001
68,Karen,neutral,2.240000000000001
68,Anna,sad,1.5600000000000007
68,Ellie,neutral,2.160000000000001
68,Emily,sad,1.6000000000000008
68,Kenny,neutral,2.160000000000001
68,Amy,neutral,2.160000000000001
68,Jess,neutral,2.160000000000001
68,Dee,neutral,2.040000000000001
68,Christie,neutral,2.120000000000001
68,Jack,neutral,1.920000000000001
68,Ralph,neutral,1.4000000000000006
68,Lily,neutral,2.080000000000001
68,Abby,neutral,2.120000000000001
68,Mary,neutral,2.120000000000001
68,Mary,neutral,2.080000000000001
68,Judy,neutral,1.0800000000000003
68,Luigi,neutral,2.080000000000001
68,Arianna,neutral,2.080000000000001
68,Daisy,neutral,2.080000000000001
68,Wolf,surprise,0.08
68,Mario,neutral,1.960000000000001
68,Mary,neutral,1.880000000000001
68,Lils,neutral,1.960000000000001
69,Richard,neutral,2.4400000000000013
69,Abby,neutral,2.320000000000001
69,Karen,neutral,2.280000000000001
69,Anna,sad,1.6000000000000008
69,Ellie,neutral,2.200000000000001
69,Emily,sad,1.6400000000000008
69,Kenny,neutral,2.200000000000001
69,Amy,neutral,2.200000000000001
69,Jess,neutral,2.200000000000001
69,Dee,neutral,2.080000000000001
69,Christie,neutral,2.160000000000001
69,Jack,neutral,1.960000000000001
69,Ralph,neutral,1.4400000000000006
69,Lily,neutral,2.120000000000001
69,Abby,neutral,2.160000000000001
69,Mary,neutral,2.160000000000001
69,Mary,neutral,2.120000000000001
69,Judy,neutral,1.1200000000000003
69,Luigi,neutral,2.120000000000001
69,Arianna,neutral,2.120000000000001
69,Daisy,neutral,2.120000000000001
69,Wolf,neutral,2.040000000000001
69,Mario,neutral,2.000000000000001
69,Mary,sad,0.08
69,Lils,neutral,2.000000000000001
70,Richard,neutral,2.4800000000000013
70,Abby,neutral,2.360000000000001
70,Karen,neutral,2.320000000000001
70,Anna,sad,1.6400000000000008
70,Ellie,neutral,2.240000000000001
70,Emily,sad,1.6800000000000008
70,Kenny,neutral,2.240000000000001
70,Amy,neutral,2.240000000000001
70,Jess,neutral,2.240000000000001
70,Dee,neutral,2.120000000000001
70,Christie,neutral,2.200000000000001
70,Jack,neutral,2.000000000000001
70,Ralph,neutral,1.4800000000000006
70,Lily,neutral,2.160000000000001
70,Abby,neutral,2.200000000000001
70,Mary,neutral,2.200000000000001
70,Mary,neutral,2.160000000000001
70,Judy,fear,0.39999999999999997
70,Luigi,neutral,2.160000000000001
70,Arianna,neutral,2.160000000000001
70,Daisy,neutral,2.160000000000001
70,Wolf,neutral,2.080000000000001
70,Mario,neutral,2.040000000000001
70,Jess,fear,0.04
70,Lils,neutral,2.040000000000001
71,Richard,neutral,2.5200000000000014
71,Abby,neutral,2.4000000000000012
71,Karen,neutral,2.360000000000001
71,Anna,sad,1.6800000000000008
71,Ellie,neutral,2.280000000000001
71,Emily,sad,1.7200000000000009
71,Kenny,neutral,2.280000000000001
71,Amy,neutral,2.280000000000001
71,Jess,neutral,2.280000000000001
71,Dee,neutral,2.160000000000001
71,Christie,neutral,2.240000000000001
71,Jack,neutral,2.040000000000001
71,Ralph,neutral,1.5200000000000007
71,Lily,neutral,2.200000000000001
71,Abby,neutral,2.240000000000001
71,Mary,neutral,2.240000000000001
71,Mary,neutral,2.200000000000001
71,Judy,fear,0.43999999999999995
71,Luigi,neutral,2.200000000000001
71,Arianna,neutral,2.200000000000001
71,Daisy,neutral,2.200000000000001
71,Wolf,neutral,2.120000000000001
71,Mario,neutral,2.080000000000001
71,Jess,neutral,1.920000000000001
71,Lils,neutral,2.080000000000001
72,,neutral,2.5600000000000014
72,Abby,neutral,2.4400000000000013
72,Karen,neutral,2.4000000000000012
72,Anna,sad,1.7200000000000009
72,Ellie,neutral,2.320000000000001
72,Emily,sad,1.760000000000001
72,Kenny,neutral,2.320000000000001
72,Amy,neutral,2.320000000000001
72,Jess,neutral,2.320000000000001
72,Dee,neutral,2.200000000000001
72,Christie,neutral,2.280000000000001
72,Jack,neutral,2.080000000000001
72,Ralph,neutral,1.5600000000000007
72,Lily,neutral,2.240000000000001
72,Abby,neutral,2.280000000000001
72,Mary,neutral,2.280000000000001
72,Mary,neutral,2.240000000000001
72,Judy,neutral,1.1600000000000004
72,Luigi,neutral,2.240000000000001
72,Arianna,neutral,2.240000000000001
72,Daisy,neutral,2.240000000000001
72,Wolf,fear,0.04
72,Mario,neutral,2.120000000000001
72,Jess,neutral,1.960000000000001
72,Lils,neutral,2.120000000000001
73,,neutral,2.6000000000000014
73,Abby,neutral,2.4800000000000013
73,Karen,neutral,2.4400000000000013
73,Anna,neutral,0.6
73,Ellie,neutral,2.360000000000001
73,Emily,sad,1.800000000000001
73,Kenny,neutral,2.360000000000001
73,Amy,neutral,2.360000000000001
73,Jess,neutral,2.360000000000001
73,Dee,neutral,2.240000000000001
73,Christie,neutral,2.320000000000001
73,Jack,neutral,2.120000000000001
73,Ralph,neutral,1.6000000000000008
73,Lily,neutral,2.280000000000001
73,Abby,neutral,2.320000000000001
73,Mary,neutral,2.320000000000001
73,Mary,neutral,2.280000000000001
73,Judy,neutral,1.2000000000000004
73,Luigi,neutral,2.280000000000001
73,Arianna,neutral,2.280000000000001
73,Daisy,neutral,2.280000000000001
73,Wolf,fear,0.08
73,Mario,neutral,2.160000000000001
73,Jess,neutral,2.000000000000001
73,Lils,neutral,2.160000000000001
74,,neutral,2.6400000000000015
74,Abby,neutral,2.5200000000000014
74,Karen,neutral,2.4800000000000013
74,Anna,neutral,0.64
74,Ellie,neutral,2.4000000000000012
74,Emily,neutral,0.6
74,Kenny,neutral,2.4000000000000012
74,Amy,neutral,2.4000000000000012
74,Jess,neutral,2.4000000000000012
74,Dee,neutral,2.280000000000001
74,Christie,neutral,2.360000000000001
74,Jack,neutral,2.160000000000001
74,Ralph,neutral,1.6400000000000008
74,Lily,neutral,2.320000000000001
74,Abby,neutral,2.360000000000001
74,Mary,neutral,2.360000000000001
74,Mary,neutral,2.320000000000001
74,Judy,neutral,1.2400000000000004
74,Luigi,neutral,2.320000000000001
74,Arianna,neutral,2.320000000000001
74,Daisy,neutral,2.320000000000001
74,Wolf,fear,0.12
74,Mario,neutral,2.200000000000001
74,Jess,neutral,2.040000000000001
74,Lils,neutral,2.200000000000001
75,Richard,neutral,2.6800000000000015
75,Abby,neutral,2.5600000000000014
75,Karen,neutral,2.5200000000000014
75,Anna,neutral,0.68
75,Ellie,neutral,2.4400000000000013
75,Emily,neutral,0.64
75,Kenny,neutral,2.4400000000000013
75,Amy,neutral,2.4400000000000013
75,Jess,neutral,2.4400000000000013
75,Dee,neutral,2.320000000000001
75,Christie,neutral,2.4000000000000012
75,Jack,neutral,2.200000000000001
75,Ralph,neutral,1.6800000000000008
75,Lily,neutral,2.360000000000001
75,Abby,neutral,2.4000000000000012
75,Mary,neutral,2.4000000000000012
75,Mary,neutral,2.360000000000001
75,Judy,neutral,1.2800000000000005
75,Luigi,neutral,2.360000000000001
75,Arianna,neutral,2.360000000000001
75,Daisy,neutral,2.360000000000001
75,Wolf,neutral,2.160000000000001
75,Mario,neutral,2.240000000000001
75,Jess,neutral,2.080000000000001
75,Lils,neutral,2.240000000000001
76,Richard,neutral,2.7200000000000015
76,Abby,neutral,2.6000000000000014
76,Karen,neutral,2.5600000000000014
76,Anna,neutral,0.7200000000000001
76,Ellie,neutral,2.4800000000000013
76,Emily,neutral,0.68
76,Kenny,neutral,2.4800000000000013
76,Amy,neutral,2.4800000000000013
76,Jess,neutral,2.4800000000000013
76,Dee,neutral,2.360000000000001
76,Christie,neutral,2.4400000000000013
76,Jack,neutral,2.240000000000001
76,Ralph,neutral,1.7200000000000009
76,Lily,neutral,2.4000000000000012
76,Abby,neutral,2.4400000000000013
76,Mary,neutral,2.4400000000000013
76,Mary,neutral,2.4000000000000012
76,Judy,neutral,1.3200000000000005
76,Luigi,neutral,2.4000000000000012
76,Arianna,neutral,2.4000000000000012
76,Daisy,neutral,2.4000000000000012
76,Wolf,neutral,2.200000000000001
76,Mario,neutral,2.280000000000001
76,Jess,neutral,2.120000000000001
76,Lils,neutral,2.280000000000001
77,Richard,neutral,2.7600000000000016
77,Abby,neutral,2.6400000000000015
77,Karen,neutral,2.6000000000000014
77,Anna,neutral,0.7600000000000001
77,Ellie,neutral,2.5200000000000014
77,Emily,sad,1.840000000000001
77,Kenny,neutral,2.5200000000000014
77,Amy,neutral,2.5200000000000014
77,Jess,neutral,2.5200000000000014
77,Dee,neutral,2.4000000000000012
77,Christie,neutral,2.4800000000000013
77,Jack,neutral,2.280000000000001
77,Ralph,neutral,1.760000000000001
77,Lily,neutral,2.4400000000000013
77,Abby,neutral,2.4800000000000013
77,Mary,neutral,2.4800000000000013
77,Mary,neutral,2.4400000000000013
77,Judy,neutral,1.3600000000000005
77,Luigi,neutral,2.4400000000000013
77,Arianna,neutral,2.4400000000000013
77,Daisy,neutral,2.4400000000000013
77,Wolf,neutral,2.240000000000001
77,Mario,neutral,2.320000000000001
77,Jess,neutral,2.160000000000001
77,Lils,neutral,2.320000000000001
78,Richard,neutral,2.8000000000000016
78,Abby,neutral,2.6800000000000015
78,Karen,neutral,2.6400000000000015
78,Anna,neutral,0.8000000000000002
78,Ellie,neutral,2.5600000000000014
78,Emily,sad,1.880000000000001
78,Kenny,neutral,2.5600000000000014
78,Amy,neutral,2.5600000000000014
78,Jess,neutral,2.5600000000000014
78,Dee,neutral,2.4400000000000013
78,Christie,neutral,2.5200000000000014
78,Jack,neutral,2.320000000000001
78,Ralph,fear,0.2
78,Lily,neutral,2.4800000000000013
78,Abby,neutral,2.5200000000000014
78,Mary,neutral,2.5200000000000014
78,Mary,neutral,2.4800000000000013
78,Judy,neutral,1.4000000000000006
78,Luigi,neutral,2.4800000000000013
78,Arianna,neutral,2.4800000000000013
78,Daisy,neutral,2.4800000000000013
78,Wolf,neutral,2.280000000000001
78,Mario,neutral,2.360000000000001
78,Jess,neutral,2.200000000000001
78,Lils,neutral,2.360000000000001
79,Richard,neutral,2.8400000000000016
79,Abby,neutral,2.7200000000000015
79,Karen,neutral,2.6800000000000015
79,Anna,neutral,0.8400000000000002
79,Ellie,neutral,2.6000000000000014
79,Emily,sad,1.920000000000001
79,Kenny,neutral,2.6000000000000014
79,Amy,neutral,2.6000000000000014
79,Jess,neutral,2.6000000000000014
79,Dee,neutral,2.4800000000000013
79,Christie,neutral,2.5600000000000014
79,Jack,neutral,2.360000000000001
79,Ralph,happy,0.04
79,Lily,neutral,2.5200000000000014
79,Abby,neutral,2.5600000000000014
79,Mary,neutral,2.5600000000000014
79,Mary,neutral,2.5200000000000014
79,Judy,neutral,1.4400000000000006
79,Luigi,neutral,2.5200000000000014
79,Arianna,neutral,2.5200000000000014
79,Daisy,neutral,2.5200000000000014
79,Wolf,neutral,2.320000000000001
79,Mario,neutral,2.4000000000000012
79,Jess,neutral,2.240000000000001
79,Lils,neutral,2.4000000000000012
80,Richard,neutral,2.8800000000000017
80,Abby,neutral,2.7600000000000016
80,Karen,neutral,2.7200000000000015
80,Anna,sad,1.760000000000001
80,Ellie,neutral,2.6400000000000015
80,Emily,neutral,0.7200000000000001
80,Kenny,neutral,2.6400000000000015
80,Amy,neutral,2.6400000000000015
80,Jess,neutral,2.6400000000000015
80,Dee,neutral,2.5200000000000014
80,Christie,neutral,2.6000000000000014
80,Jack,neutral,2.4000000000000012
80,Ralph,neutral,1.800000000000001
80,Lily,neutral,2.5600000000000014
80,Abby,neutral,2.6000000000000014
80,Mary,neutral,2.6000000000000014
80,Mary,neutral,2.5600000000000014
80,Judy,neutral,1.4800000000000006
80,Luigi,neutral,2.5600000000000014
80,Arianna,neutral,2.5600000000000014
80,Daisy,neutral,2.5600000000000014
80,Wolf,neutral,2.360000000000001
80,Mario,neutral,2.4400000000000013
80,Jess,neutral,2.280000000000001
80,Lils,neutral,2.4400000000000013
81,Richard,neutral,2.9200000000000017
81,Abby,neutral,2.8000000000000016
81,Karen,neutral,2.7600000000000016
81,Anna,neutral,0.8800000000000002
81,Ellie,neutral,2.6800000000000015
81,Emily,neutral,0.7600000000000001
81,Kenny,neutral,2.6800000000000015
81,Amy,neutral,2.6800000000000015
81,Jess,neutral,2.6800000000000015
81,Dee,neutral,2.5600000000000014
81,Christie,neutral,2.6400000000000015
81,Jack,neutral,2.4400000000000013
81,Ralph,sad,0.6
81,Lily,neutral,2.6000000000000014
81,Abby,neutral,2.6400000000000015
81,Mary,neutral,2.6400000000000015
81,Mary,neutral,2.6000000000000014
81,Judy,neutral,1.5200000000000007
81,Luigi,neutral,2.6000000000000014
81,Arianna,neutral,2.6000000000000014
81,Daisy,neutral,2.6000000000000014
81,Wolf,neutral,2.4000000000000012
81,Mario,neutral,2.4800000000000013
81,Jess,neutral,2.320000000000001
81,Lils,neutral,2.4800000000000013
82,Richard,neutral,2.9600000000000017
82,Abby,neutral,2.8400000000000016
82,Karen,neutral,2.8000000000000016
82,Anna,neutral,0.9200000000000003
82,Ellie,neutral,2.7200000000000015
82,Emily,neutral,0.8000000000000002
82,Kenny,neutral,2.7200000000000015
82,Amy,neutral,2.7200000000000015
82,Jess,neutral,2.7200000000000015
82,Dee,neutral,2.6000000000000014
82,Christie,neutral,2.6800000000000015
82,Jack,neutral,2.4800000000000013
82,Ralph,neutral,1.840000000000001
82,Lily,neutral,2.6400000000000015
82,Abby,neutral,2.6800000000000015
82,Mary,neutral,2.6800000000000015
82,Mary,neutral,2.6400000000000015
82,Judy,neutral,1.5600000000000007
82,Luigi,neutral,2.6400000000000015
82,Arianna,neutral,2.6400000000000015
82,Daisy,neutral,2.6400000000000015
82,Wolf,sad,0.04
82,Mario,neutral,2.5200000000000014
82,Jess,neutral,2.360000000000001
82,Lils,neutral,2.5200000000000014
83,Richard,neutral,3.0000000000000018
83,Abby,neutral,2.8800000000000017
83,Karen,neutral,2.8400000000000016
83,Anna,neutral,0.9600000000000003
83,Ellie,neutral,2.7600000000000016
83,Emily,neutral,0.8400000000000002
83,Kenny,neutral,2.7600000000000016
83,Amy,neutral,2.7600000000000016
83,Jess,neutral,2.7600000000000016
83,Dee,neutral,2.6400000000000015
83,Christie,neutral,2.7200000000000015
83,Jack,neutral,2.5200000000000014
83,Ralph,sad,0.64
83,Lily,neutral,2.6800000000000015
83,Abby,neutral,2.7200000000000015
83,Mary,neutral,2.7200000000000015
83,Mary,neutral,2.6800000000000015
83,Judy,neutral,1.6000000000000008
83,Luigi,neutral,2.6800000000000015
83,Arianna,neutral,2.6800000000000015
83,Daisy,neutral,2.6800000000000015
83,Wolf,neutral,2.4400000000000013
83,Mario,neutral,2.5600000000000014
83,Jess,neutral,2.4000000000000012
83,Lils,neutral,2.5600000000000014
84,Richard,neutral,3.040000000000002
84,Abby,neutral,2.9200000000000017
84,Karen,neutral,2.8800000000000017
84,Anna,sad,1.800000000000001
84,Ellie,neutral,2.8000000000000016
84,Emily,sad,1.960000000000001
84,Kenny,neutral,2.8000000000000016
84,Amy,neutral,2.8000000000000016
84,Jess,neutral,2.8000000000000016
84,Dee,neutral,2.6800000000000015
84,Christie,neutral,2.7600000000000016
84,Jack,neutral,2.5600000000000014
84,Ralph,neutral,1.880000000000001
84,Lily,neutral,2.7200000000000015
84,Abby,neutral,2.7600000000000016
84,Mary,neutral,2.7600000000000016
84,Mary,neutral,2.7200000000000015
84,Judy,neutral,1.6400000000000008
84,Luigi,neutral,2.7200000000000015
84,Arianna,neutral,2.7200000000000015
84,Daisy,neutral,2.7200000000000015
84,Wolf,neutral,2.4800000000000013
84,Mario,neutral,2.6000000000000014
84,,neutral,2.4400000000000013
84,Lils,neutral,2.6000000000000014
85,Richard,neutral,3.080000000000002
85,Abby,neutral,2.9600000000000017
85,Karen,neutral,2.9200000000000017
85,Anna,sad,1.840000000000001
85,Ellie,neutral,2.8400000000000016
85,Emily,sad,2.000000000000001
85,Kenny,neutral,2.8400000000000016
85,Amy,neutral,2.8400000000000016
85,Jess,neutral,2.8400000000000016
85,Dee,neutral,2.7200000000000015
85,Christie,neutral,2.8000000000000016
85,Jack,neutral,2.6000000000000014
85,Ralph,neutral,1.920000000000001
85,Lily,neutral,2.7600000000000016
85,Abby,neutral,2.8000000000000016
85,Mary,neutral,2.8000000000000016
85,Mary,neutral,2.7600000000000016
85,Judy,neutral,1.6800000000000008
85,Luigi,neutral,2.7600000000000016
85,Arianna,neutral,2.7600000000000016
85,Daisy,neutral,2.7600000000000016
85,Wolf,neutral,2.5200000000000014
85,Mario,neutral,2.6400000000000015
85,,neutral,2.4800000000000013
85,Lils,neutral,2.6400000000000015
86,Richard,neutral,3.120000000000002
86,Abby,neutral,3.0000000000000018
86,Karen,neutral,2.9600000000000017
86,Anna,neutral,1.0000000000000002
86,Ellie,neutral,2.8800000000000017
86,Emily,sad,2.040000000000001
86,Kenny,neutral,2.8800000000000017
86,Amy,neutral,2.8800000000000017
86,Jess,neutral,2.8800000000000017
86,Dee,neutral,2.7600000000000016
86,Christie,neutral,2.8400000000000016
86,Jack,neutral,2.6400000000000015
86,Ralph,fear,0.24000000000000002
86,Lily,neutral,2.8000000000000016
86,Abby,neutral,2.8400000000000016
86,Mary,neutral,2.8400000000000016
86,Mary,neutral,2.8000000000000016
86,Judy,neutral,1.7200000000000009
86,Luigi,neutral,2.8000000000000016
86,Arianna,neutral,2.8000000000000016
86,Daisy,neutral,2.8000000000000016
86,Wolf,neutral,2.5600000000000014
86,Mario,neutral,2.6800000000000015
86,Mary,neutral,2.5200000000000014
86,Lils,neutral,2.6800000000000015
87,Richard,neutral,3.160000000000002
87,Abby,neutral,3.040000000000002
87,Karen,neutral,3.0000000000000018
87,Anna,neutral,1.0400000000000003
87,Ellie,neutral,2.9200000000000017
87,Emily,sad,2.080000000000001
87,Kenny,neutral,2.9200000000000017
87,Amy,neutral,2.9200000000000017
87,Jess,neutral,2.9200000000000017
87,Dee,neutral,2.8000000000000016
87,Christie,neutral,2.8800000000000017
87,Jack,sad,0.16
87,Ralph,neutral,1.960000000000001
87,Lily,neutral,2.8400000000000016
87,Abby,neutral,2.8800000000000017
87,Mary,neutral,2.8800000000000017
87,Mary,neutral,2.8400000000000016
87,Judy,neutral,1.760000000000001
87,Luigi,neutral,2.8400000000000016
87,Arianna,neutral,2.8400000000000016
87,Daisy,neutral,2.8400000000000016
87,Wolf,neutral,2.6000000000000014
87,Mario,neutral,2.7200000000000015
87,Mary,neutral,2.5600000000000014
87,Lils,neutral,2.7200000000000015
88,Richard,neutral,3.200000000000002
88,Abby,neutral,3.080000000000002
88,Karen,neutral,3.040000000000002
88,Anna,sad,1.880000000000001
88,Ellie,neutral,2.9600000000000017
88,Emily,sad,2.120000000000001
88,Kenny,neutral,2.9600000000000017
88,Amy,neutral,2.9600000000000017
88,Jess,neutral,2.9600000000000017
88,Dee,neutral,2.8400000000000016
88,Christie,neutral,2.9200000000000017
88,Jack,sad,0.2
88,Ralph,neutral,2.000000000000001
88,Lily,neutral,2.8800000000000017
88,Abby,neutral,2.9200000000000017
88,Mary,neutral,2.9200000000000017
88,Mary,neutral,2.8800000000000017
88,Judy,neutral,1.800000000000001
88,Luigi,neutral,2.8800000000000017
88,Arianna,neutral,2.8800000000000017
88,Daisy,neutral,2.8800000000000017
88,Wolf,neutral,2.6400000000000015
88,Mario,neutral,2.7600000000000016
88,Mary,neutral,2.6000000000000014
88,Lils,neutral,2.7600000000000016
89,Richard,neutral,3.240000000000002
89,Abby,neutral,3.120000000000002
89,Karen,neutral,3.080000000000002
89,Anna,sad,1.920000000000001
89,Ellie,neutral,3.0000000000000018
89,Emily,sad,2.160000000000001
89,Kenny,neutral,3.0000000000000018
89,Amy,neutral,3.0000000000000018
89,Jess,neutral,3.0000000000000018
89,Dee,neutral,2.8800000000000017
89,Christie,neutral,2.9600000000000017
89,Jack,neutral,2.6800000000000015
89,Ralph,fear,0.28
89,Lily,neutral,2.9200000000000017
89,Abby,neutral,2.9600000000000017
89,Mary,neutral,2.9600000000000017
89,Mary,neutral,2.9200000000000017
89,Judy,neutral,1.840000000000001
89,Luigi,neutral,2.9200000000000017
89,Arianna,neutral,2.9200000000000017
89,Daisy,neutral,2.9200000000000017
89,Wolf,neutral,2.6800000000000015
89,Mario,neutral,2.8000000000000016
89,Duce,neutral,2.6400000000000015
89,Lils,neutral,2.8000000000000016
90,Richard,neutral,3.280000000000002
90,Abby,neutral,3.160000000000002
90,Karen,neutral,3.120000000000002
90,Anna,neutral,1.0800000000000003
90,Ellie,neutral,3.040000000000002
90,Emily,sad,2.200000000000001
90,Kenny,neutral,3.040000000000002
90,Amy,neutral,3.040000000000002
90,Jess,neutral,3.040000000000002
90,Dee,neutral,2.9200000000000017
90,Christie,neutral,3.0000000000000018
90,Jack,neutral,2.7200000000000015
90,Ralph,fear,0.32
90,Lily,neutral,2.9600000000000017
90,Abby,neutral,3.0000000000000018
90,Mary,neutral,3.0000000000000018
90,Mary,neutral,2.9600000000000017
90,Judy,neutral,1.880000000000001
90,Luigi,neutral,2.9600000000000017
90,Arianna,neutral,2.9600000000000017
90,Daisy,neutral,2.9600000000000017
90,Wolf,neutral,2.7200000000000015
90,Mario,neutral,2.8400000000000016
90,Duce,neutral,2.6800000000000015
90,Lils,neutral,2.8400000000000016
91,Richard,neutral,3.320000000000002
91,Abby,neutral,3.200000000000002
91,Karen,neutral,3.160000000000002
91,Anna,neutral,1.1200000000000003
91,Ellie,neutral,3.080000000000002
91,Emily,sad,2.240000000000001
91,Kenny,neutral,3.080000000000002
91,Amy,neutral,3.080000000000002
91,Jess,neutral,3.080000000000002
91,Dee,neutral,2.9600000000000017
91,Christie,neutral,3.040000000000002
91,Jack,neutral,2.7600000000000016
91,Ralph,neutral,2.040000000000001
91,Lily,neutral,3.0000000000000018
91,Abby,neutral,3.040000000000002
91,Mary,neutral,3.040000000000002
91,Mary,neutral,3.0000000000000018
91,Judy,neutral,1.920000000000001
91,Luigi,neutral,3.0000000000000018
91,Arianna,neutral,3.0000000000000018
91,Daisy,neutral,3.0000000000000018
91,Wolf,neutral,2.7600000000000016
91,Mario,neutral,2.8800000000000017
91,Duce,neutral,2.7200000000000015
91,Lils,neutral,2.8800000000000017
92,Richard,neutral,3.360000000000002
92,Abby,neutral,3.240000000000002
92,Karen,neutral,3.200000000000002
92,Anna,neutral,1.1600000000000004
92,Ellie,neutral,3.120000000000002
92,Emily,sad,2.280000000000001
92,Kenny,neutral,3.120000000000002
92,Amy,neutral,3.120000000000002
92,Jess,neutral,3.120000000000002
92,Dee,neutral,3.0000000000000018
92,Christie,neutral,3.080000000000002
92,Jack,neutral,2.8000000000000016
92,Ralph,neutral,2.080000000000001
92,Lily,neutral,3.040000000000002
92,Abby,neutral,3.080000000000002
92,Mary,neutral,3.080000000000002
92,Mary,neutral,3.040000000000002
92,Judy,neutral,1.960000000000001
92,Luigi,neutral,3.040000000000002
92,Arianna,neutral,3.040000000000002
92,Daisy,neutral,3.040000000000002
92,Wolf,neutral,2.8000000000000016
92,Mario,neutral,2.9200000000000017
92,Duce,neutral,2.7600000000000016
92,Lils,neutral,2.9200000000000017
93,Richard,neutral,3.400000000000002
93,Abby,neutral,3.280000000000002
93,Karen,neutral,3.240000000000002
93,Anna,neutral,1.2000000000000004
93,Ellie,neutral,3.160000000000002
93,Emily,sad,2.320000000000001
93,Kenny,neutral,3.160000000000002
93,Amy,neutral,3.160000000000002
93,Jess,neutral,3.160000000000002
93,Dee,neutral,3.040000000000002
93,Christie,neutral,3.120000000000002
93,Jack,neutral,2.8400000000000016
93,Ralph,neutral,2.120000000000001
93,Lily,neutral,3.080000000000002
93,Abby,neutral,3.120000000000002
93,Mary,neutral,3.120000000000002
93,Mary,neutral,3.080000000000002
93,Judy,fear,0.4799999999999999
93,Luigi,neutral,3.080000000000002
93,Arianna,neutral,3.080000000000002
93,Daisy,neutral,3.080000000000002
93,Wolf,neutral,2.8400000000000016
93,Mario,neutral,2.9600000000000017
93,Duce,neutral,2.8000000000000016
93,Lils,neutral,2.9600000000000017
94,Richard,neutral,3.440000000000002
94,Abby,neutral,3.320000000000002
94,Karen,neutral,3.280000000000002
94,Anna,neutral,1.2400000000000004
94,Ellie,neutral,3.200000000000002
94,Emily,sad,2.360000000000001
94,Kenny,neutral,3.200000000000002
94,Amy,neutral,3.200000000000002
94,Jess,neutral,3.200000000000002
94,Dee,neutral,3.080000000000002
94,Christie,neutral,3.160000000000002
94,Jack,neutral,2.8800000000000017
94,Ralph,neutral,2.160000000000001
94,Lily,neutral,3.120000000000002
94,Abby,neutral,3.160000000000002
94,Mary,neutral,3.160000000000002
94,Mary,neutral,3.120000000000002
94,Judy,neutral,2.000000000000001
94,Luigi,neutral,3.120000000000002
94,Arianna,neutral,3.120000000000002
94,Daisy,neutral,3.120000000000002
94,Wolf,neutral,2.8800000000000017
94,Mario,neutral,3.0000000000000018
94,Duce,neutral,2.8400000000000016
94,Lils,neutral,3.0000000000000018
95,Richard,neutral,3.480000000000002
95,Abby,neutral,3.360000000000002
95,Karen,neutral,3.320000000000002
95,Anna,neutral,1.2800000000000005
95,Ellie,neutral,3.240000000000002
95,Emily,sad,2.4000000000000012
95,Kenny,neutral,3.240000000000002
95,Amy,neutral,3.240000000000002
95,Jess,neutral,3.240000000000002
95,Dee,neutral,3.120000000000002
95,Christie,neutral,3.200000000000002
95,Jack,neutral,2.9200000000000017
95,Ralph,fear,0.36
95,Lily,neutral,3.160000000000002
95,Abby,neutral,3.200000000000002
95,Mary,neutral,3.200000000000002
95,Mary,neutral,3.160000000000002
95,Judy,neutral,2.040000000000001
95,Luigi,neutral,3.160000000000002
95,Arianna,neutral,3.160000000000002
95,Daisy,neutral,3.160000000000002
95,Wolf,neutral,2.9200000000000017
95,Mario,neutral,3.040000000000002
95,Duce,neutral,2.8800000000000017
95,Lils,neutral,3.040000000000002
96,Richard,neutral,3.5200000000000022
96,Abby,neutral,3.400000000000002
96,Karen,neutral,3.360000000000002
96,Anna,neutral,1.3200000000000005
96,Ellie,neutral,3.280000000000002
96,Emily,sad,2.4400000000000013
96,Kenny,neutral,3.280000000000002
96,Amy,neutral,3.280000000000002
96,Jess,neutral,3.280000000000002
96,Dee,neutral,3.160000000000002
96,Christie,neutral,3.240000000000002
96,Jack,neutral,2.9600000000000017
96,Ralph,sad,0.68
96,Lily,neutral,3.200000000000002
96,Abby,neutral,3.240000000000002
96,Mary,neutral,3.240000000000002
96,Mary,neutral,3.200000000000002
96,Judy,neutral,2.080000000000001
96,Luigi,neutral,3.200000000000002
96,Arianna,neutral,3.200000000000002
96,Daisy,neutral,3.200000000000002
96,Wolf,neutral,2.9600000000000017
96,Mario,neutral,3.080000000000002
96,Duce,neutral,2.9200000000000017
96,Lils,neutral,3.080000000000002
97,Richard,neutral,3.5600000000000023
97,Abby,neutral,3.440000000000002
97,Karen,neutral,3.400000000000002
97,Anna,neutral,1.3600000000000005
97,Ellie,neutral,3.320000000000002
97,Emily,sad,2.4800000000000013
97,Kenny,neutral,3.320000000000002
97,Amy,neutral,3.320000000000002
97,Jess,neutral,3.320000000000002
97,Dee,neutral,3.200000000000002
97,Christie,neutral,3.280000000000002
97,Jack,neutral,3.0000000000000018
97,Ralph,sad,0.7200000000000001
97,,neutral,3.240000000000002
97,Abby,neutral,3.280000000000002
97,Mary,neutral,3.280000000000002
97,Mary,neutral,3.240000000000002
97,Judy,neutral,2.120000000000001
97,Luigi,neutral,3.240000000000002
97,Arianna,neutral,3.240000000000002
97,Daisy,neutral,3.240000000000002
97,Wolf,neutral,3.0000000000000018
97,Mario,neutral,3.120000000000002
97,,neutral,2.9600000000000017
97,Lils,neutral,3.120000000000002
98,Richard,neutral,3.6000000000000023
98,Abby,neutral,3.480000000000002
98,Karen,neutral,3.440000000000002
98,Anna,neutral,1.4000000000000006
98,Ellie,neutral,3.360000000000002
98,Emily,sad,2.5200000000000014
98,Kenny,neutral,3.360000000000002
98,Amy,neutral,3.360000000000002
98,Jess,neutral,3.360000000000002
98,Dee,neutral,3.240000000000002
98,Christie,neutral,3.320000000000002
98,Jack,neutral,3.040000000000002
98,Ralph,sad,0.7600000000000001
98,Abby,neutral,3.280000000000002
98,Abby,neutral,3.320000000000002
98,Mary,neutral,3.320000000000002
98,Mary,neutral,3.280000000000002
98,Judy,fear,0.5199999999999999
98,Luigi,neutral,3.280000000000002
98,Arianna,neutral,3.280000000000002
98,Daisy,neutral,3.280000000000002
98,Wolf,neutral,3.040000000000002
98,Mario,neutral,3.160000000000002
98,,neutral,3.0000000000000018
98,Lils,neutral,3.160000000000002
99,Richard,neutral,3.6400000000000023
99,Abby,neutral,3.5200000000000022
99,Karen,neutral,3.480000000000002
99,Anna,neutral,1.4400000000000006
99,Ellie,neutral,3.400000000000002
99,Emily,sad,2.5600000000000014
99,Kenny,neutral,3.400000000000002
99,Amy,neutral,3.400000000000002
99,Jess,neutral,3.400000000000002
99,Dee,neutral,3.280000000000002
99,Christie,neutral,3.360000000000002
99,Jack,neutral,3.080000000000002
99,Ralph,sad,0.8000000000000002
99,Abby,neutral,3.320000000000002
99,Abby,neutral,3.360000000000002
99,Mary,neutral,3.360000000000002
99,Mary,neutral,3.320000000000002
99,Judy,fear,0.5599999999999999
99,Luigi,neutral,3.320000000000002
99,Arianna,neutral,3.320000000000002
99,Daisy,neutral,3.320000000000002
99,Wolf,neutral,3.080000000000002
99,Mario,neutral,3.200000000000002
99,Duce,neutral,3.040000000000002
99,Lils,neutral,3.200000000000002
100,Richard,neutral,3.6800000000000024
100,Abby,neutral,3.5600000000000023
100,Karen,neutral,3.5200000000000022
100,Anna,neutral,1.4800000000000006
100,Ellie,neutral,3.440000000000002
100,Emily,sad,2.6000000000000014
100,Kenny,neutral,3.440000000000002
100,Amy,neutral,3.440000000000002
100,Jess,neutral,3.440000000000002
100,Dee,neutral,3.320000000000002
100,Christie,neutral,3.400000000000002
100,Jack,neutral,3.120000000000002
100,Ralph,neutral,2.200000000000001
100,Abby,neutral,3.360000000000002
100,Abby,neutral,3.400000000000002
100,Mary,neutral,3.400000000000002
100,Mary,neutral,3.360000000000002
100,Judy,fear,0.6
100,Luigi,neutral,3.360000000000002
100,Arianna,neutral,3.360000000000002
100,Daisy,neutral,3.360000000000002
100,Wolf,neutral,3.120000000000002
100,Mario,neutral,3.240000000000002
100,Duce,neutral,3.080000000000002
100,Lils,neutral,3.240000000000002
101,Richard,neutral,3.7200000000000024
101,Abby,neutral,3.6000000000000023
101,Karen,surprise,0.04
101,Anna,neutral,1.5200000000000007
101,Ellie,neutral,3.480000000000002
101,Emily,sad,2.6400000000000015
101,Kenny,neutral,3.480000000000002
101,Amy,neutral,3.480000000000002
101,Jess,neutral,3.480000000000002
101,Dee,neutral,3.360000000000002
101,Christie,neutral,3.440000000000002
101,Jack,neutral,3.160000000000002
101,Ralph,neutral,2.240000000000001
101,Abby,neutral,3.400000000000002
101,Abby,neutral,3.440000000000002
101,Mary,neutral,3.440000000000002
101,Mary,neutral,3.400000000000002
101,Judy,fear,0.64
101,Luigi,neutral,3.400000000000002
101,Arianna,neutral,3.400000000000002
101,Daisy,neutral,3.400000000000002
101,Wolf,neutral,3.160000000000002
101,Mario,neutral,3.280000000000002
101,Mary,neutral,3.120000000000002
101,Lils,neutral,3.280000000000002
102,Richard,neutral,3.7600000000000025
102,Abby,neutral,3.6400000000000023
102,Karen,surprise,0.08
102,Anna,neutral,1.5600000000000007
102,Ellie,neutral,3.5200000000000022
102,Emily,sad,2.6800000000000015
102,Kenny,neutral,3.5200000000000022
102,Amy,neutral,3.5200000000000022
102,Jess,neutral,3.5200000000000022
102,Dee,neutral,3.400000000000002
102,Christie,neutral,3.480000000000002
102,Jack,neutral,3.200000000000002
102,Ralph,sad,0.8400000000000002
102,Abby,neutral,3.440000000000002
102,Abby,neutral,3.480000000000002
102,Mary,neutral,3.480000000000002
102,Mary,neutral,3.440000000000002
102,Judy,fear,0.68
102,Luigi,neutral,3.440000000000002
102,Arianna,neutral,3.440000000000002
102,Daisy,neutral,3.440000000000002
102,Wolf,neutral,3.200000000000002
102,Mario,neutral,3.320000000000002
102,Mary,neutral,3.160000000000002
102,Lils,neutral,3.320000000000002
103,Richard,neutral,3.8000000000000025
103,Abby,neutral,3.6800000000000024
103,Karen,surprise,0.12
103,Anna,neutral,1.6000000000000008
103,Ellie,fear,0.04
103,Emily,sad,2.7200000000000015
103,Kenny,neutral,3.5600000000000023
103,Amy,neutral,3.5600000000000023
103,Jess,neutral,3.5600000000000023
103,Dee,neutral,3.440000000000002
103,Christie,neutral,3.5200000000000022
103,Jack,neutral,3.240000000000002
103,Ralph,fear,0.39999999999999997
103,Abby,neutral,3.480000000000002
103,Abby,neutral,3.5200000000000022
103,Mary,neutral,3.5200000000000022
103,Mary,neutral,3.480000000000002
103,Judy,neutral,2.160000000000001
103,Luigi,neutral,3.480000000000002
103,Arianna,neutral,3.480000000000002
103,Daisy,neutral,3.480000000000002
103,Wolf,neutral,3.240000000000002
103,Mario,neutral,3.360000000000002
103,Mary,neutral,3.200000000000002
103,Lils,neutral,3.360000000000002
104,Richard,neutral,3.8400000000000025
104,Abby,neutral,3.7200000000000024
104,Karen,neutral,3.5600000000000023
104,Anna,neutral,1.6400000000000008
104,Ellie,neutral,3.5600000000000023
104,Emily,sad,2.7600000000000016
104,Kenny,neutral,3.6000000000000023
104,Amy,neutral,3.6000000000000023
104,Jess,neutral,3.6000000000000023
104,Dee,neutral,3.480000000000002
104,Christie,neutral,3.5600000000000023
104,Jack,neutral,3.280000000000002
104,Ralph,neutral,2.280000000000001
104,Abby,neutral,3.5200000000000022
104,Abby,neutral,3.5600000000000023
104,Mary,neutral,3.5600000000000023
104,Mary,neutral,3.5200000000000022
104,Judy,neutral,2.200000000000001
104,Luigi,neutral,3.5200000000000022
104,Arianna,neutral,3.5200000000000022
104,Daisy,neutral,3.5200000000000022
104,Wolf,neutral,3.280000000000002
104,Mario,neutral,3.400000000000002
104,Mary,neutral,3.240000000000002
104,Lils,neutral,3.400000000000002
105,Richard,neutral,3.8800000000000026
105,Abby,neutral,3.7600000000000025
105,Karen,neutral,3.6000000000000023
105,Anna,neutral,1.6800000000000008
105,Ellie,neutral,3.6000000000000023
105,Emily,sad,2.8000000000000016
105,Kenny,neutral,3.6400000000000023
105,Amy,neutral,3.6400000000000023
105,Jess,neutral,3.6400000000000023
105,Dee,neutral,3.5200000000000022
105,Christie,neutral,3.6000000000000023
105,Jack,neutral,3.320000000000002
105,Ralph,neutral,2.320000000000001
105,Abby,neutral,3.5600000000000023
105,Abby,neutral,3.6000000000000023
105,Mary,neutral,3.6000000000000023
105,Mary,neutral,3.5600000000000023
105,Judy,neutral,2.240000000000001
105,Luigi,neutral,3.5600000000000023
105,Arianna,neutral,3.5600000000000023
105,Daisy,neutral,3.5600000000000023
105,Wolf,neutral,3.320000000000002
105,Mario,neutral,3.440000000000002
105,,neutral,3.280000000000002
105,Lils,neutral,3.440000000000002
106,Richard,neutral,3.9200000000000026
106,Abby,neutral,3.8000000000000025
106,Karen,neutral,3.6400000000000023
106,Anna,neutral,1.7200000000000009
106,Ellie,neutral,3.6400000000000023
106,Emily,sad,2.8400000000000016
106,Kenny,neutral,3.6800000000000024
106,Amy,neutral,3.6800000000000024
106,Jess,neutral,3.6800000000000024
106,Dee,neutral,3.5600000000000023
106,Christie,neutral,3.6400000000000023
106,Jack,neutral,3.360000000000002
106,Ralph,neutral,2.360000000000001
106,Abby,neutral,3.6000000000000023
106,Abby,neutral,3.6400000000000023
106,Mary,neutral,3.6400000000000023
106,Mary,neutral,3.6000000000000023
106,Judy,neutral,2.280000000000001
106,Luigi,neutral,3.6000000000000023
106,Arianna,neutral,3.6000000000000023
106,Daisy,neutral,3.6000000000000023
106,Wolf,neutral,3.360000000000002
106,Mario,neutral,3.480000000000002
106,,neutral,3.320000000000002
106,Lils,neutral,3.480000000000002
107,Richard,neutral,3.9600000000000026
107,Abby,neutral,3.8400000000000025
107,Karen,neutral,3.6800000000000024
107,Anna,neutral,1.760000000000001
107,Ellie,neutral,3.6800000000000024
107,Emily,neutral,0.8800000000000002
107,Kenny,neutral,3.7200000000000024
107,Amy,neutral,3.7200000000000024
107,Jess,neutral,3.7200000000000024
107,Dee,neutral,3.6000000000000023
107,Christie,neutral,3.6800000000000024
107,Jack,neutral,3.400000000000002
107,Ralph,neutral,2.4000000000000012
107,Abby,neutral,3.6400000000000023
107,Abby,neutral,3.6800000000000024
107,Mary,neutral,3.6800000000000024
107,Mary,neutral,3.6400000000000023
107,Judy,neutral,2.320000000000001
107,Luigi,neutral,3.6400000000000023
107,Arianna,neutral,3.6400000000000023
107,Daisy,neutral,3.6400000000000023
107,Wolf,neutral,3.400000000000002
107,Mario,neutral,3.5200000000000022
107,,neutral,3.360000000000002
107,Lils,neutral,3.5200000000000022
108,Richard,neutral,4.000000000000003
108,Abby,neutral,3.8800000000000026
108,Karen,neutral,3.7200000000000024
108,Anna,sad,1.960000000000001
108,Ellie,neutral,3.7200000000000024
108,Emily,neutral,0.9200000000000003
108,Kenny,neutral,3.7600000000000025
108,Amy,neutral,3.7600000000000025
108,Jess,neutral,3.7600000000000025
108,Dee,neutral,3.6400000000000023
108,Christie,neutral,3.7200000000000024
108,Jack,neutral,3.440000000000002
108,Ralph,neutral,2.4400000000000013
108,Abby,neutral,3.6800000000000024
108,Abby,neutral,3.7200000000000024
108,Mary,neutral,3.7200000000000024
108,Mary,neutral,3.6800000000000024
108,Judy,fear,0.7200000000000001
108,Luigi,neutral,3.6800000000000024
108,Arianna,neutral,3.6800000000000024
108,Daisy,neutral,3.6800000000000024
108,Wolf,neutral,3.440000000000002
108,Mario,neutral,3.5600000000000023
108,Mary,neutral,3.400000000000002
108,Lils,neutral,3.5600000000000023
108,Lils,neutral,0.04
109,Richard,neutral,4.040000000000003
109,Abby,neutral,3.9200000000000026
109,Karen,neutral,3.7600000000000025
109,Anna,sad,2.000000000000001
109,Ellie,neutral,3.7600000000000025
109,Emily,sad,2.8800000000000017
109,Kenny,neutral,3.8000000000000025
109,Amy,neutral,3.8000000000000025
109,Jess,neutral,3.8000000000000025
109,Dee,neutral,3.6800000000000024
109,Christie,neutral,3.7600000000000025
109,Jack,neutral,3.480000000000002
109,Ralph,neutral,2.4800000000000013
109,Abby,neutral,3.7200000000000024
109,Abby,neutral,3.7600000000000025
109,Mary,neutral,3.7600000000000025
109,Mary,neutral,3.7200000000000024
109,Judy,neutral,2.360000000000001
109,Luigi,neutral,3.7200000000000024
109,Arianna,neutral,3.7200000000000024
109,Daisy,neutral,3.7200000000000024
109,Wolf,neutral,3.480000000000002
109,Mario,neutral,3.6000000000000023
109,Mary,neutral,3.440000000000002
109,Lils,neutral,3.6000000000000023
109,Lils,neutral,0.08
110,Richard,neutral,4.080000000000003
110,Abby,neutral,3.9600000000000026
110,Karen,neutral,3.8000000000000025
110,Anna,neutral,1.800000000000001
110,Ellie,neutral,3.8000000000000025
110,Emily,sad,2.9200000000000017
110,Kenny,neutral,3.8400000000000025
110,Amy,neutral,3.8400000000000025
110,Jess,neutral,3.8400000000000025
110,Dee,neutral,3.7200000000000024
110,Christie,neutral,3.8000000000000025
110,Jack,neutral,3.5200000000000022
110,Ralph,sad,0.8800000000000002
110,Abby,neutral,3.7600000000000025
110,Abby,neutral,3.8000000000000025
110,Mary,neutral,3.8000000000000025
110,Mary,neutral,3.7600000000000025
110,Judy,neutral,2.4000000000000012
110,Luigi,neutral,3.7600000000000025
110,Arianna,neutral,3.7600000000000025
110,Daisy,neutral,3.7600000000000025
110,Wolf,fear,0.16
110,Mario,neutral,3.6400000000000023
110,Mary,neutral,3.480000000000002
110,Lils,neutral,3.6400000000000023
110,Lils,neutral,0.12
111,Richard,neutral,4.120000000000003
111,Abby,neutral,4.000000000000003
111,Karen,neutral,3.8400000000000025
111,Anna,neutral,1.840000000000001
111,Ellie,neutral,3.8400000000000025
111,Emily,sad,2.9600000000000017
111,Kenny,neutral,3.8800000000000026
111,Amy,neutral,3.8800000000000026
111,Jess,neutral,3.8800000000000026
111,Dee,neutral,3.7600000000000025
111,Christie,neutral,3.8400000000000025
111,Jack,neutral,3.5600000000000023
111,Ralph,neutral,2.5200000000000014
111,Abby,neutral,3.8000000000000025
111,Abby,neutral,3.8400000000000025
111,Mary,neutral,3.8400000000000025
111,Mary,neutral,3.8000000000000025
111,Judy,neutral,2.4400000000000013
111,Luigi,neutral,3.8000000000000025
111,Arianna,neutral,3.8000000000000025
111,Daisy,neutral,3.8000000000000025
111,,fear,0.2
111,Mario,neutral,3.6800000000000024
111,Mary,neutral,3.5200000000000022
111,Lils,neutral,3.6800000000000024
111,Lils,neutral,0.16
112,Richard,neutral,4.160000000000003
112,Abby,neutral,4.040000000000003
112,Karen,neutral,3.8800000000000026
112,Anna,neutral,1.880000000000001
112,Ellie,neutral,3.8800000000000026
112,Emily,sad,3.0000000000000018
112,Kenny,neutral,3.9200000000000026
112,Amy,neutral,3.9200000000000026
112,Jess,neutral,3.9200000000000026
112,Dee,neutral,3.8000000000000025
112,Christie,neutral,3.8800000000000026
112,Jack,neutral,3.6000000000000023
112,Ralph,sad,0.9200000000000003
112,Abby,neutral,3.8400000000000025
112,Abby,neutral,3.8800000000000026
112,Mary,neutral,3.8800000000000026
112,Mary,neutral,3.8400000000000025
112,Judy,neutral,2.4800000000000013
112,Luigi,neutral,3.8400000000000025
112,Arianna,neutral,3.8400000000000025
112,Daisy,neutral,3.8400000000000025
112,Wolf,neutral,3.5200000000000022
112,Mario,neutral,3.7200000000000024
112,Mary,neutral,3.5600000000000023
112,Lils,neutral,3.7200000000000024
112,Lils,neutral,0.2
113,Richard,neutral,4.200000000000003
113,Abby,neutral,4.080000000000003
113,Karen,neutral,3.9200000000000026
113,Anna,neutral,1.920000000000001
113,Ellie,neutral,3.9200000000000026
113,Emily,sad,3.040000000000002
113,Kenny,neutral,3.9600000000000026
113,Amy,neutral,3.9600000000000026
113,Jess,neutral,3.9600000000000026
113,Dee,neutral,3.8400000000000025
113,Christie,neutral,3.9200000000000026
113,Jack,neutral,3.6400000000000023
113,Ralph,sad,0.9600000000000003
113,,neutral,3.8800000000000026
113,Abby,neutral,3.9200000000000026
113,Mary,neutral,3.9200000000000026
113,Mary,neutral,3.8800000000000026
113,Judy,neutral,2.5200000000000014
113,Luigi,neutral,3.8800000000000026
113,Arianna,neutral,3.8800000000000026
113,Daisy,neutral,3.8800000000000026
113,Wolf,neutral,3.5600000000000023
113,Mario,neutral,3.7600000000000025
113,Mary,neutral,3.6000000000000023
113,Lils,neutral,3.7600000000000025
113,Lils,neutral,0.24000000000000002
114,Richard,neutral,4.240000000000003
114,Abby,neutral,4.120000000000003
114,Karen,neutral,3.9600000000000026
114,Anna,neutral,1.960000000000001
114,Ellie,neutral,3.9600000000000026
114,Emily,sad,3.080000000000002
114,Kenny,neutral,4.000000000000003
114,Amy,neutral,4.000000000000003
114,Jess,neutral,4.000000000000003
114,Dee,neutral,3.8800000000000026
114,Christie,neutral,3.9600000000000026
114,Jack,neutral,3.6800000000000024
114,Ralph,sad,1.0000000000000002
114,,neutral,3.9200000000000026
114,Abby,neutral,3.9600000000000026
114,Mary,neutral,3.9600000000000026
114,Mary,neutral,3.9200000000000026
114,Judy,neutral,2.5600000000000014
114,Luigi,neutral,3.9200000000000026
114,Arianna,neutral,3.9200000000000026
114,Daisy,neutral,3.9200000000000026
114,Wolf,neutral,3.6000000000000023
114,Mario,neutral,3.8000000000000025
114,Mary,neutral,3.6400000000000023
114,Lils,neutral,3.8000000000000025
114,Lils,neutral,0.28
115,Richard,neutral,4.280000000000003
115,Abby,neutral,4.160000000000003
115,Karen,neutral,4.000000000000003
115,Anna,neutral,2.000000000000001
115,Ellie,neutral,4.000000000000003
115,Emily,neutral,0.9600000000000003
115,Kenny,neutral,4.040000000000003
115,Amy,neutral,4.040000000000003
115,Jess,neutral,4.040000000000003
115,Dee,neutral,3.9200000000000026
115,Christie,neutral,4.000000000000003
115,Jack,neutral,3.7200000000000024
115,Ralph,sad,1.0400000000000003
115,,neutral,3.9600000000000026
115,Abby,neutral,4.000000000000003
115,Mary,neutral,4.000000000000003
115,Mary,neutral,3.9600000000000026
115,Judy,neutral,2.6000000000000014
115,Luigi,neutral,3.9600000000000026
115,Arianna,neutral,3.9600000000000026
115,Daisy,neutral,3.9600000000000026
115,Wolf,neutral,3.6400000000000023
115,Mario,neutral,3.8400000000000025
115,,neutral,3.6800000000000024
115,Lils,neutral,3.8400000000000025
115,Lils,neutral,0.32
116,Richard,neutral,4.320000000000003
116,Abby,neutral,4.200000000000003
116,Karen,neutral,4.040000000000003
116,Anna,neutral,2.040000000000001
116,Ellie,neutral,4.040000000000003
116,Emily,neutral,1.0000000000000002
116,Kenny,neutral,4.080000000000003
116,Amy,neutral,4.080000000000003
116,Jess,neutral,4.080000000000003
116,Dee,neutral,3.9600000000000026
116,Christie,neutral,4.040000000000003
116,Jack,neutral,3.7600000000000025
116,Ralph,sad,1.0800000000000003
116,,neutral,4.000000000000003
116,Abby,neutral,4.040000000000003
116,Mary,neutral,4.040000000000003
116,Mary,neutral,4.000000000000003
116,Judy,neutral,2.6400000000000015
116,Luigi,neutral,4.000000000000003
116,Arianna,neutral,4.000000000000003
116,Daisy,neutral,4.000000000000003
116,Wolf,neutral,3.6800000000000024
116,Mario,neutral,3.8800000000000026
116,,neutral,3.7200000000000024
116,Lils,neutral,3.8800000000000026
116,Lils,neutral,0.36
117,Richard,neutral,4.360000000000003
117,Abby,neutral,4.240000000000003
117,Karen,neutral,4.080000000000003
117,Anna,neutral,2.080000000000001
117,Ellie,neutral,4.080000000000003
117,Emily,neutral,1.0400000000000003
117,Kenny,neutral,4.120000000000003
117,,neutral,4.120000000000003
117,Jess,neutral,4.120000000000003
117,Dee,neutral,4.000000000000003
117,Christie,neutral,4.080000000000003
117,Jack,neutral,3.8000000000000025
117,Ralph,sad,1.1200000000000003
117,Screenshot 2025-02-02 at 02,neutral,4.040000000000003
117,Abby,neutral,4.080000000000003
117,Mary,neutral,4.080000000000003
117,Mary,neutral,4.040000000000003
117,Judy,neutral,2.6800000000000015
117,Luigi,neutral,4.040000000000003
117,Arianna,neutral,4.040000000000003
117,Daisy,neutral,4.040000000000003
117,Wolf,neutral,3.7200000000000024
117,Mario,neutral,3.9200000000000026
117,,happy,0.12
117,Lils,neutral,3.9200000000000026
117,Lils,neutral,0.39999999999999997
118,Richard,neutral,4.400000000000003
118,Abby,neutral,4.280000000000003
118,Karen,neutral,4.120000000000003
118,Anna,neutral,2.120000000000001
118,Ellie,neutral,4.120000000000003
118,Emily,neutral,1.0800000000000003
118,Kenny,neutral,4.160000000000003
118,,neutral,4.160000000000003
118,Jess,neutral,4.160000000000003
118,Dee,neutral,4.040000000000003
118,Christie,neutral,4.120000000000003
118,Jack,neutral,3.8400000000000025
118,Ralph,sad,1.1600000000000004
118,,neutral,4.080000000000003
118,Abby,neutral,4.120000000000003
118,Mary,neutral,4.120000000000003
118,Mary,neutral,4.080000000000003
118,Judy,neutral,2.7200000000000015
118,Luigi,neutral,4.080000000000003
118,Arianna,neutral,4.080000000000003
118,Daisy,neutral,4.080000000000003
118,Wolf,neutral,3.7600000000000025
118,Mario,neutral,3.9600000000000026
118,,neutral,3.7600000000000025
118,Lils,neutral,3.9600000000000026
118,Lils,neutral,0.43999999999999995
119,Richard,neutral,4.440000000000003
119,Abby,neutral,4.320000000000003
119,Karen,neutral,4.160000000000003
119,Anna,neutral,2.160000000000001
119,Ellie,neutral,4.160000000000003
119,Emily,neutral,1.1200000000000003
119,Kenny,neutral,4.200000000000003
119,,neutral,4.200000000000003
119,Jess,neutral,4.200000000000003
119,Dee,neutral,4.080000000000003
119,Christie,neutral,4.160000000000003
119,Jack,neutral,3.8800000000000026
119,Ralph,sad,1.2000000000000004
119,,neutral,4.120000000000003
119,Abby,neutral,4.160000000000003
119,Mary,neutral,4.160000000000003
119,Mary,neutral,4.120000000000003
119,Judy,neutral,2.7600000000000016
119,Luigi,neutral,4.120000000000003
119,Arianna,neutral,4.120000000000003
119,Daisy,neutral,4.120000000000003
119,Wolf,neutral,3.8000000000000025
119,Mario,neutral,4.000000000000003
119,,neutral,3.8000000000000025
119,Lils,neutral,4.000000000000003
119,Lils,neutral,0.4799999999999999
120,Richard,neutral,4.480000000000003
120,Abby,neutral,4.360000000000003
120,Karen,neutral,4.200000000000003
120,Anna,sad,2.040000000000001
120,Ellie,neutral,4.200000000000003
120,Emily,neutral,1.1600000000000004
120,Kenny,neutral,4.240000000000003
120,Daisy,neutral,4.240000000000003
120,Jess,neutral,4.240000000000003
120,Dee,neutral,4.120000000000003
120,Christie,neutral,4.200000000000003
120,Jack,sad,0.24000000000000002
120,Ralph,sad,1.2400000000000004
120,,neutral,4.160000000000003
120,Abby,neutral,4.200000000000003
120,Mary,neutral,4.200000000000003
120,Mary,neutral,4.160000000000003
120,Judy,neutral,2.8000000000000016
120,Luigi,neutral,4.160000000000003
120,Arianna,neutral,4.160000000000003
120,Daisy,neutral,4.160000000000003
120,Wolf,neutral,3.8400000000000025
120,Mario,neutral,4.040000000000003
