frame,student_id,movement_delta,cumulative_movement
5,1,0,0
5,2,0,0
5,3,0,0
5,4,0,0
5,5,0,0
6,1,1.0601741132539815,1.0601741132539815
6,2,1.2961047873443348,1.2961047873443348
6,3,0.4295334913816501,0.4295334913816501
6,4,0.4312325544300959,0.4312325544300959
6,5,1.1104095662903042,1.1104095662903042
7,1,0.936285867571586,1.9964599808255676
7,2,1.802281455516739,3.098386242861074
7,3,0.28588880136785616,0.7154222927495062
7,4,0.29102077845491253,0.7222533328850085
7,5,1.072273949223021,2.1826835155133253
8,1,1.325931631177805,3.322391612003373
8,2,1.5129134351859703,4.611299678047044
8,3,0.864974451519993,1.5803967442694993
8,4,0.9430458935261895,1.6652992264111979
8,5,0.3819044803223032,2.5645879958356286
9,1,3.2636919061387895,6.586083518142162
9,2,1.0946803900250033,5.705980068072048
9,3,1.0677519580239847,2.6481487022934838
9,4,0.6799598621632407,2.3452590885744384
9,5,0.17130453080931288,2.7358925266449416
10,1,0.8303947402623508,7.4164782584045135
10,2,0.6940837996008188,6.400063867672866
10,3,0.6066959715353738,3.2548446738288574
10,4,0.6838859319042571,3.0291450204786954
10,5,0.4900127540477809,3.2259052806927224
11,1,5.820061540767281,13.236539799171794
11,2,0.13071235850476384,6.53077622617763
11,3,0.5299616836685938,3.7848063574974513
11,4,0.9135607056046968,3.942705726083392
11,5,0.48533210842198543,3.7112373891147077
12,1,1.5403278917703815,14.776867690942176
12,2,1.5782409975087761,8.109017223686406
12,3,0.7955905788485295,4.580396936345981
12,4,0.4089971473975961,4.351702873480988
12,5,0.9200846275032681,4.631322016617975
13,1,1.5403278917703815,16.317195582712557
13,2,0.6116859363637664,8.720703160050173
13,3,1.5657096777494048,6.146106614095386
13,4,0.15665291414477192,4.50835578762576
13,5,0.6408766887513374,5.272198705369313
14,1,1.5403278917703815,17.85752347448294
14,2,0.47954756525557857,9.200250725305752
14,3,0.6883127541986022,6.834419368293988
14,4,0.3671862210983101,4.87554200872407
14,5,1.2906597442102135,6.562858449579526
15,1,1.5403278917703815,19.39785136625332
15,2,0.16675073055265133,9.367001455858404
15,3,2.571453012496479,9.405872380790466
15,4,1.4266681754273887,6.302210184151458
15,5,2.1291281905802504,8.691986640159776
16,1,1.5403278917703815,20.938179258023702
16,2,0.04763040234674578,9.41463185820515
16,3,2.9734524484042817,12.379324829194747
16,4,0.6999683452652191,7.002178529416677
16,5,1.1245666069504403,9.816553247110216
17,1,1.5403278917703815,22.478507149794083
17,2,0.6573740290092047,10.072005887214354
17,3,1.0372465626484326,13.41657139184318
17,4,0.5153030279738818,7.51748155739056
17,5,0.8223401476464474,10.638893394756662
18,1,1.5403278917703815,24.018835041564465
18,2,0.6645497470971167,10.736555634311472
18,3,0.9711843263130642,14.387755718156244
18,4,1.1200999644525511,8.63758152184311
18,5,0.3577007916614328,10.996594186418095
19,1,1.5403278917703815,25.559162933334846
19,2,0.5714603633279831,11.308015997639455
19,3,0.6042639886983853,14.992019706854629
19,4,0.05820655183772989,8.69578807368084
19,5,0.43488319918698315,11.431477385605078
20,1,1.5403278917703815,27.099490825105228
20,2,0.13098786546488866,11.439003863104343
20,3,2.121122769763742,17.11314247661837
20,4,0.3578471766774588,9.053635250358298
20,5,0.17942916044546925,11.610906546050547
21,1,1.5403278917703815,28.63981871687561
21,2,0.44497337710929996,11.883977240213643
21,3,0.8812579976445482,17.99440047426292
21,4,0.6893405730883393,9.742975823446637
21,5,0.24883296683083767,11.859739512881385
22,1,1.5403278917703815,30.18014660864599
22,2,2.4957045490154335,14.379681789229076
22,3,3.788268840204521,21.78266931446744
22,4,0.6370855757675826,10.380061399214219
22,5,0.08659057052317005,11.946330083404554
23,1,1.5403278917703815,31.720474500416373
23,2,0.437088160643449,14.816769949872526
23,3,3.1840249873372457,24.966694301804687
23,4,0.15179611546959995,10.531857514683818
23,5,0.026364177405332877,11.972694260809886
24,1,1.5403278917703815,33.260802392186754
24,2,0.5468035128723273,15.363573462744853
24,3,0.8521009941786235,25.81879529598331
24,4,0.7984435814623139,11.330301096146131
24,5,0.47163816816956683,12.444332428979454
25,1,1.5403278917703815,34.801130283957136
25,2,0.45621394394398757,15.81978740668884
25,3,4.928203369992541,30.746998665975852
25,4,0.33115013557094974,11.66145123171708
25,5,0.28851011507176033,12.732842544051215
26,1,1.5403278917703815,36.34145817572752
26,2,0.16514403723715398,15.984931443925994
26,3,7.100172502116317,37.84717116809217
26,4,0.12426623264458683,11.785717464361667
26,5,0.7546101929153363,13.487452736966551
27,1,1.5403278917703815,37.8817860674979
27,2,0.41397094018745895,16.398902384113452
27,3,2.24157851358338,40.088749681675544
27,4,0.2951987872332698,12.080916251594937
27,5,0.29035071191812173,13.777803448884672
28,1,1.5403278917703815,39.42211395926828
28,2,0.24275547991075572,16.641657864024207
28,3,1.771532415041406,41.86028209671695
28,4,0.3586235500670446,12.439539801661981
28,5,0.11246101690539723,13.89026446579007
29,1,1.5403278917703815,40.96244185103866
29,2,0.49597406830823487,17.137631932332443
29,3,6.189815154559282,48.050097251276235
29,4,1.088374620612271,13.527914422274252
29,5,0.7046863888122277,14.594950854602297
30,1,1.5403278917703815,42.50276974280904
30,2,0.8742096661162403,18.011841598448683
30,3,4.118467598667044,52.16856484994328
30,4,0.1308936305804084,13.65880805285466
30,5,1.9294650161361495,16.524415870738448
31,1,1.5403278917703815,44.043097634579425
31,2,0.4137146303262229,18.425556228774905
31,3,4.501042490059417,56.6696073400027
31,4,0.3274165720898657,13.986224624944526
31,5,0.9223604236619642,17.44677629440041
32,1,1.5403278917703815,45.58342552634981
32,2,1.148449828194264,19.574006056969168
32,3,3.994307320716083,60.66391466071878
32,4,0.818065105318467,14.804289730262994
32,5,0.13183826800286513,17.578614562403278
33,1,1.5403278917703815,47.12375341812019
33,2,1.1379041972267354,20.711910254195903
33,3,4.317691370348221,64.981606031067
33,4,1.289666028929818,16.093955759192813
33,5,1.6558571258799235,19.2344716882832
34,1,40.496085332592536,87.61983875071272
34,2,2.4334285374079374,23.14533879160384
34,3,1.129283356865617,66.11088938793262
34,4,1.1144737802795144,17.208429539472327
34,5,0.9460651478162855,20.180536836099485
35,1,3.264751099406536,90.88458985011926
35,2,2.8811452506351785,26.02648404223902
35,3,1.1292833568656138,67.24017274479823
35,4,0.2641695001761198,17.472599039648447
35,5,0.36996409705658145,20.550500933156066
36,1,7.610460008827966,98.49504985894723
36,2,4.121807048629083,30.148291090868103
36,3,1.129283356865617,68.36945610166384
36,4,0.8461197637161296,18.318718803364575
36,5,0.5754764258060844,21.12597735896215
37,1,2.13313152523957,100.6281813841868
37,2,1.683191072067587,31.83148216293569
37,3,1.129283356865617,69.49873945852946
37,4,0.824785878310798,19.143504681675374
37,5,0.27100632863919577,21.396983687601345
38,1,1.3630551777410618,101.99123656192786
38,2,0.9833128307213795,32.81479499365707
38,3,1.1292833568656204,70.62802281539507
38,4,0.3682944931680922,19.511799174843468
38,5,0.10504486534323913,21.502028552944584
39,1,0.8060604108222559,102.79729697275012
39,2,0.4234222576527301,33.2382172513098
39,3,1.1292833568656138,71.75730617226068
39,4,0.13516305193891417,19.64696222678238
39,5,0.7793096637870325,22.281338216731616
40,1,7.8127791149216925,110.61007608767181
40,2,0.6870868641329612,33.925304115442756
40,3,1.1292833568656204,72.8865895291263
40,4,1.0075775196631853,20.65453974644557
40,5,0.9408566139465461,23.222194830678163
41,1,2.8559511676014253,113.46602725527325
41,2,0.2724726149937952,34.19777673043655
41,3,1.1292833568656138,74.01587288599191
41,4,0.8699575409475951,21.524497287393164
41,5,0.6844686007925258,23.90666343147069
42,1,1.9577651428044895,115.42379239807774
42,2,0.4412684676824972,34.63904519811905
42,3,1.1292833568656204,75.14515624285752
42,4,1.188515701516035,22.7130129889092
42,5,0.5417598454530542,24.448423276923744
43,1,5.956449203484171,121.3802416015619
43,2,0.8968041779017187,35.53584937602077
43,3,1.129283356865617,76.27443959972314
43,4,0.7835274695503542,23.496540458459553
43,5,0.4851158359917375,24.933539112915483
44,1,6.075943527090388,127.4561851286523
44,2,1.0332624043579863,36.569111780378755
44,3,1.1292833568656138,77.40372295658875
44,4,2.275950808176494,25.772491266636045
44,5,0.8789183925834338,25.812457505498916
45,1,1.9094306148494284,129.36561574350173
45,2,0.4951388986082305,37.06425067898699
45,3,1.129283356865617,78.53300631345436
45,4,1.0137145061994346,26.78620577283548
45,5,0.19005259915247266,26.00251010465139
46,1,7.919693447516427,137.28530919101817
46,2,1.012720262647371,38.07697094163436
46,3,1.129283356865617,79.66228967031998
46,4,1.2823735654473443,28.068579338282824
46,5,0.6905883598843842,26.693098464535773
47,1,2.549066194265288,139.83437538528347
47,2,0.4638707822428846,38.54084172387724
47,3,1.129283356865617,80.79157302718559
47,4,1.555724373380722,29.624303711663547
47,5,1.004372691683368,27.69747115621914
48,1,2.5490661942653445,142.38344157954882
48,2,0.17656939476698166,38.71741111864422
48,3,1.1292833568656204,81.9208563840512
48,4,0.4431373417700861,30.067441053433633
48,5,1.3507334383874874,29.048204594606627
49,1,2.5490661942652317,144.93250777381405
49,2,0.4272109838350923,39.14462210247932
49,3,1.129283356865617,83.05013974091682
49,4,0.8954305468820576,30.96287160031569
49,5,1.1522544447862026,30.20045903939283
50,1,2.549066194265288,147.48157396807935
50,2,0.5907028150335902,39.735324917512905
50,3,1.1292833568656138,84.17942309778243
50,4,0.6395236042082797,31.60239520452397
50,5,1.1051719475372115,31.30563098693004
51,1,2.549066194265288,150.03064016234464
51,2,0.14016827654476022,39.87549319405767
51,3,1.1292833568656204,85.30870645464805
51,4,0.44300243205375894,32.045397636577725
51,5,0.9111058095565988,32.21673679648664
52,1,2.549066194265288,152.57970635660993
52,2,0.28173268687381126,40.15722588093148
52,3,1.1292833568656138,86.43798981151366
52,4,0.8108878694951313,32.85628550607286
52,5,0.951662012361093,33.16839880884773
53,1,2.549066194265288,155.12877255087523
53,2,0.22601052355422083,40.3832364044857
53,3,1.1292833568656204,87.56727316837927
53,4,0.36592754501541525,33.222213051088275
53,5,1.0785508028461335,34.246949611693864
54,1,2.5490661942652317,157.67783874514046
54,2,0.3422611319081784,40.72549753639388
54,3,1.1292833568656138,88.69655652524489
54,4,0.8398022614186994,34.06201531250697
54,5,1.2069743559709916,35.453923967664856
55,1,2.5490661942653445,160.2269049394058
55,2,1.0696008998515931,41.795098436245475
55,3,1.129283356865617,89.8258398821105
55,4,0.33243522244337004,34.394450534950344
55,5,1.3607077821838598,36.814631749848715
56,1,18.844693928407615,179.07159886781344
56,2,0.23310700228467318,42.02820543853015
56,3,1.1292833568656204,90.95512323897611
56,4,1.3472326687273497,35.741683203677695
56,5,0.39151023169289956,37.20614198154161
57,1,7.4377569797459575,186.5093558475594
57,2,0.746029288224916,42.77423472675507
57,3,1.129283356865617,92.08440659584173
57,4,0.9275717064783059,36.669254910156
57,5,0.6466960825811405,37.85283806412275
58,1,1.7148424058615557,188.22419825342095
58,2,1.2685045918362943,44.042739318591366
58,3,1.129283356865617,93.21368995270734
58,4,2.966018751277437,39.63527366143344
58,5,0.28684996481695935,38.13968802893971
59,1,8.976048973334677,197.20024722675564
59,2,1.6073296061050542,45.65006892469642
59,3,1.1292833568656138,94.34297330957295
59,4,3.450012348515153,43.08528600994859
59,5,0.09419926071487252,38.23388728965458
60,1,5.430909753697949,202.6311569804536
60,2,1.2262756561042374,46.876344580800655
60,3,1.129283356865617,95.47225666643857
60,4,1.2889427488710523,44.37422875881964
60,5,0.09419926071490088,38.328086550369484
61,1,2.189779751004407,204.820936731458
61,2,0.9848731879968657,47.86121776879752
61,3,1.1292833568656204,96.60154002330418
61,4,4.434736642372579,48.80896540119222
61,5,0.09419926071490088,38.422285811084386
62,1,1.3984800087368119,206.21941674019482
62,2,0.7007906560118518,48.56200842480938
62,3,1.129283356865617,97.7308233801698
62,4,1.7229298562385529,50.53189525743077
62,5,0.09419926071487252,38.51648507179926
63,1,0.4251683220332764,206.6445850622281
63,2,0.9334627129996121,49.49547113780899
63,3,1.1292833568656138,98.86010673703541
63,4,3.6377842780553165,54.16967953548608
63,5,0.09419926071492928,38.61068433251419
64,1,2.1913575538785963,208.83594261610668
64,2,0.501701613037645,49.99717275084664
64,4,4.380938970981967,58.55061850646805
64,5,0.09419926071490088,38.70488359322909
65,1,0.5332567769511875,209.36919939305787
65,2,0.5131219260840171,50.510294676930656
65,4,1.3390851460755777,59.88970365254362
65,5,0.09419926071490088,38.79908285394399
66,1,0.5332567769511875,209.90245617000906
66,2,0.19624070185912612,50.70653537878978
66,4,1.1557916475132393,61.045495300056864
66,5,0.09419926071492928,38.89328211465892
67,1,2.861474616469253,212.7639307864783
67,2,0.5934880923855139,51.300023471175294
67,4,0.44675185498089404,61.49224715503776
67,5,0.09419926071487252,38.9874813753738
68,1,0.4234274436938409,213.18735823017215
68,2,0.10740228410991981,51.40742575528521
68,4,0.3827502756060171,61.874997430643774
68,5,1.2041682828378317,40.19164965821163
69,1,0.3272673828348658,213.514625613007
69,2,0.3402156340754316,51.747641389360645
69,4,4.698304348333394,66.57330177897717
69,5,0.8035347746122343,40.99518443282386
70,1,0.42471767307607894,213.9393432860831
70,2,0.37186668624197244,52.11950807560262
70,4,1.8682409120444858,68.44154269102165
70,5,0.14354760883343892,41.1387320416573
71,1,0.4070894438127593,214.34643272989587
71,2,0.13976397359983084,52.25927204920245
71,4,0.2717144963597132,68.71325718738136
71,5,0.14354760883346432,41.282279650490764
72,1,1.0674747247014904,215.41390745459736
72,2,0.050331131756575866,52.30960318095903
72,4,0.827057015043363,69.54031420242472
72,5,0.9888953647929288,42.271175015283696
73,1,0.9261103597874234,216.3400178143848
73,2,0.651545948464147,52.96114912942318
73,4,0.4060137035979451,69.94632790602267
73,5,0.49880516186787704,42.769980177151574
74,1,0.6369135132195857,216.97693132760438
74,2,0.08418714094242634,53.0453362703656
74,4,0.9176871772191978,70.86401508324187
74,5,0.4008466181049652,43.17082679525654
75,1,3.6410455294549413,220.61797685705932
75,2,0.03357007813833623,53.07890634850394
75,4,1.0771933132873313,71.94120839652919
75,5,0.30749772708231526,43.47832452233885
76,1,4.8737041800025445,225.49168103706185
76,2,0.3334472965987578,53.4123536451027
76,4,1.313273156216877,73.25448155274607
76,5,0.5278221594707879,44.00614668180964
77,1,0.5700409301476693,226.0617219672095
77,2,0.38328537708397703,53.79563902218668
77,4,1.4956864669535586,74.75016801969963
77,5,0.1356265396163464,44.141773221425986
78,1,1.0565790688025436,227.11830103601204
78,2,0.4590255352364123,54.25466455742309
78,4,1.7478759617618347,76.49804398146146
78,5,0.13562653961635932,44.277399761042346
79,1,1.3738567328115676,228.4921577688236
79,2,0.34598942884762895,54.60065398627072
79,4,10.248656776441008,86.74670075790247
79,5,0.1356265396163335,44.41302630065868
80,1,7.374856296644403,235.867014065468
80,2,0.12960255326238812,54.73025653953311
80,4,2.874661946493287,89.62136270439576
80,5,0.1356265396163335,44.54865284027501
81,1,3.087196941509626,238.95421100697763
81,2,0.28789914644765535,55.018155685980766
81,4,0.9673672272885834,90.58872993168434
81,5,0.13562653961635932,44.68427937989137
82,1,2.457636488588511,241.41184749556615
82,2,0.5478586798576478,55.56601436583841
82,4,0.9086592774031138,91.49738920908746
82,5,0.1356265396163464,44.81990591950772
83,1,2.1597661615068287,243.571613657073
83,2,0.5129769567622042,56.078991322600615
83,4,0.713895743407861,92.21128495249532
83,5,0.13562653961633372,44.95553245912405
84,1,3.117324531163227,246.68893818823622
84,2,0.8520152931805587,56.93100661578117
84,4,5.105168733189521,97.31645368568483
84,5,0.13562653961635907,45.09115899874041
85,1,3.2089755095977672,249.89791369783399
85,2,0.6506442479433185,57.58165086372449
85,4,9.23636006931054,106.55281375499537
85,5,0.13562653961633372,45.226785538356744
86,1,3.8764827252445153,253.7743964230785
86,2,0.415713559892463,57.99736442361695
86,4,3.8178472488235267,110.3706610038189
86,5,0.13562653961637197,45.36241207797312
87,1,2.067921847440137,255.84231827051866
87,2,0.8769302397947415,58.87429466341169
87,4,1.234070399518029,111.60473140333693
87,5,0.1356265396163335,45.49803861758945
88,1,1.3226855128598485,257.1650037833785
88,2,0.9528169596345539,59.82711162304624
88,4,0.7632264718002485,112.36795787513718
88,5,0.1356265396163335,45.63366515720578
89,1,2.235412610661658,259.4004163940402
89,2,2.0711877523274,61.89829937537364
89,4,16.142132206957992,128.51009008209516
89,5,0.13562653961637197,45.76929169682216
90,1,5.849901347630579,265.25031774167076
90,2,1.786391877757287,63.68469125313093
90,4,1.0370688401337875,129.54715892222896
90,5,0.3126564477022785,46.08194814452444
91,1,3.701433827464934,268.9517515691357
91,2,1.0100493938097135,64.69474064694064
91,4,1.0370688401337875,130.58422776236276
91,5,0.3616261356417936,46.44357428016623
92,1,5.020507876357294,273.97225944549297
92,2,0.35335704304553767,65.04809768998618
92,4,1.0370688401337875,131.62129660249656
92,5,0.11876198677136589,46.5623362669376
93,1,3.9409975936161583,277.9132570391091
93,2,0.6807946574890696,65.72889234747525
93,4,1.0370688401337875,132.65836544263036
93,5,0.37355150687060085,46.9358877738082
94,1,8.974875726577496,286.88813276568663
94,2,1.0701832056096559,66.7990755530849
94,4,1.0370688401337875,133.69543428276415
94,5,0.13653675899694714,47.072424532805144
95,1,1.7522639282785872,288.6403966939652
95,2,0.8032144727860329,67.60229002587094
95,4,2.3679903712696224,136.06342465403378
95,5,0.340270684746884,47.41269521755203
96,1,1.7522639282784767,290.3926606222437
96,2,1.352004080800968,68.95429410667191
96,4,0.9580267557741943,137.02145140980798
96,5,0.12868619677947069,47.5413814143315
97,1,1.7522639282785317,292.1449245505222
97,2,1.231502485837961,70.18579659250987
97,4,0.02279739404650933,137.0442488038545
97,5,0.9973499254940229,48.53873133982552
98,1,1.7522639282785872,293.8971884788008
98,2,0.20086384983586436,70.38666044234574
98,4,0.4628080326725647,137.50705683652706
98,5,0.37351512065505094,48.91224646048057
99,1,1.7522639282784767,295.64945240707925
99,2,0.6355239318365631,71.0221843741823
99,4,0.448831998985143,137.9558888355122
99,5,0.8192892317727454,49.73153569225331
100,1,1.7522639282785317,297.4017163353578
100,2,1.5874795546666247,72.60966392884893
100,4,2.4560459956308303,140.41193483114304
100,5,0.5633540531344228,50.294889745387735
101,1,1.7522639282785317,299.1539802636363
101,2,0.9459948689501008,73.55565879779903
101,4,0.9070410975928251,141.31897592873588
101,5,0.5839670902924138,50.878856835680146
102,1,1.7522639282785872,300.9062441919149
102,2,0.3167787081119141,73.87243750591094
102,4,1.1811962299744534,142.50017215871034
102,5,0.2914758778181959,51.17033271349834
103,1,1.7522639282784767,302.65850812019335
103,2,1.109012590902398,74.98145009681333
103,4,0.7154273751366765,143.215599533847
103,5,0.2331673676690422,51.40350008116738
104,1,1.7522639282785317,304.41077204847187
104,2,0.8788471972861357,75.86029729409947
104,4,0.759349014780917,143.97494854862794
104,5,0.711592579408958,52.11509266057634
105,1,1.7522639282785317,306.1630359767504
105,2,0.7306111558803036,76.59090844997976
105,4,0.759349014780917,144.73429756340886
105,5,0.9408019347698308,53.05589459534617
106,1,21.438552397364937,327.60158837411535
106,2,0.8298451615911625,77.42075361157093
106,4,0.759349014780917,145.49364657818978
106,5,1.0936893622739627,54.14958395762013
107,1,0.8692576807034914,328.4708460548188
107,2,0.6387326956758036,78.05948630724673
107,4,0.9613829792858545,146.45502955747563
107,5,0.1603091966768509,54.30989315429698
108,1,0.8692576807034511,329.3401037355223
108,2,0.5677232607783771,78.62720956802511
108,4,0.5825186189861122,147.03754817646174
108,5,1.0937277057065924,55.40362086000357
109,1,0.8692576807035317,330.2093614162258
109,2,0.8066188709236888,79.4338284389488
109,4,1.5188349501905964,148.55638312665235
109,5,0.6035609533583154,56.00718181336189
110,1,3.8614159170122533,334.0707773332381
110,2,0.8775984547366001,80.3114268936854
110,4,0.8264609914026335,149.38284411805498
110,5,1.2549758735689853,57.26215768693088
111,1,0.4218254136240497,334.49260274686213
111,2,1.144946861497666,81.45637375518307
111,4,0.2913023981729371,149.67414651622792
111,5,1.414959013477704,58.67711670040858
112,1,7.681405952122414,342.17400869898455
112,2,1.6241121295106435,83.08048588469372
112,4,0.7311926608465865,150.4053391770745
112,5,0.13574574179521068,58.812862442203794
113,1,1.480454150018701,343.65446284900327
113,2,1.23185938101971,84.31234526571342
113,4,0.7311926608465311,151.136531837921
113,5,0.7466818499904347,59.55954429219423
114,1,1.4307767284695743,345.08523957747286
114,2,0.6874082758116817,84.9997535415251
114,4,0.7311926608465589,151.86772449876756
114,5,1.1443345641415386,60.70387885633577
115,1,0.7391641317264941,345.8244037091994
115,2,0.9833360767315905,85.98308961825668
115,4,0.7311926608465589,152.5989171596141
115,5,0.38580887428868826,61.089687730624455
116,1,3.407393169484962,349.23179687868435
116,2,0.7723678148329596,86.75545743308965
116,4,0.7311926608465589,153.33010982046065
116,5,0.14516460855906874,61.234852339183526
117,1,4.051813000517091,353.28360987920144
117,2,1.1835222661755926,87.93897969926523
117,4,0.7311926608465865,154.06130248130722
117,5,0.6889333150734462,61.923785654256974
118,1,0.8755190449925982,354.159128924194
118,2,0.4188650568865759,88.3578447561518
118,4,0.7311926608465311,154.79249514215374
118,5,0.14127692145888157,62.06506257571586
119,1,2.0210799725401873,356.1802088967342
119,2,0.7798338977565314,89.13767865390834
119,4,0.7311926608465311,155.52368780300026
119,5,1.0937436546642922,63.15880623038015
120,1,1.49067434926808,357.6708832460023
120,2,0.28514068884401383,89.42281934275235
120,4,0.7311926608466144,156.25488046384686
120,5,0.6267108359566801,63.78551706633683
121,1,3.154677397662471,360.82556064366474
121,2,0.11432423096239695,89.53714357371474
121,4,0.7311926608465311,156.98607312469338
121,5,0.4733089590092747,64.25882602534611
122,1,1.5283311625164453,362.3538918061812
122,2,0.6360054238250874,90.17314899753983
122,4,0.7311926608465589,157.71726578553992
122,5,0.17951721831867778,64.43834324366479
123,1,0.24470309465238488,362.5985949008336
123,2,0.522495797072583,90.6956447946124
123,4,0.7311926608465589,158.44845844638647
123,5,0.40400268688786234,64.84234593055265
124,1,0.2447030946524848,362.84329799548607
124,2,0.1900106557124899,90.88565545032489
124,4,0.7311926608465865,159.17965110723304
124,5,0.4825442205545,65.32489015110716
125,1,0.24470309465238488,363.08800109013845
125,2,0.7958840678174938,91.68153951814239
125,4,0.7311926608465311,159.91084376807956
125,5,0.44657086157957143,65.77146101268673
126,1,4.262674695133548,367.350675785272
126,2,0.3153606314046389,91.99690014954703
126,4,0.7311926608465589,160.6420364289261
126,5,0.8782096530377818,66.64967066572451
127,1,1.291040634785482,368.6417164200575
127,2,1.3070033004783423,93.30390345002537
127,4,0.7311926608465589,161.37322908977265
127,5,0.634270918658128,67.28394158438265
128,1,0.7299709250793934,369.3716873451369
128,2,1.3951624123424617,94.69906586236783
128,4,0.7311926608465311,162.10442175061917
128,5,0.40936624132060867,67.69330782570326
129,1,2.9142182579246256,372.2859056030615
129,2,0.4858421977365663,95.18490806010439
129,4,0.7311926608465865,162.83561441146574
129,5,1.0768344768689337,68.7701423025722
130,1,2.5275307857455585,374.8134363888071
130,2,0.5750659340923816,95.75997399419677
130,4,0.7311926608465865,163.56680707231232
130,5,0.6051804959798222,69.37532279855202
131,1,0.29413453574119314,375.10757092454827
131,2,0.5801468030654817,96.34012079726224
131,4,0.7311926608465311,164.29799973315883
131,5,0.38300343323028685,69.7583262317823
132,1,0.22177228154327625,375.32934320609155
132,2,0.8316240897436805,97.17174488700593
132,4,0.7311926608465589,165.02919239400538
132,5,0.44792815042154277,70.20625438220385
133,1,1.6459685419148926,376.97531174800645
133,2,0.6863214376441776,97.85806632465011
133,4,0.7311926608465589,165.76038505485192
133,5,0.898993500588066,71.10524788279191
134,1,1.179276722532895,378.15458847053935
134,2,0.8101467251399814,98.6682130497901
134,4,0.7311926608465589,166.49157771569847
134,5,1.009071097763321,72.11431898055524
135,1,1.0693778336667015,379.22396630420604
135,2,0.4093167547591274,99.07752980454923
135,4,0.7311926608465589,167.22277037654501
135,5,0.3694694889146915,72.48378846946993
136,1,0.7329570569732213,379.9569233611793
136,2,0.8899576168211927,99.96748742137042
136,4,0.7311926608465589,167.95396303739156
136,5,0.33193592513221454,72.81572439460214
137,1,0.58255602912474,380.53947939030405
137,2,0.3320340116573465,100.29952143302776
137,4,0.7311926608465589,168.6851556982381
137,5,0.016583267487175254,72.83230766208932
138,1,0.44645564836219626,380.98593503866624
138,2,0.5485159972269472,100.8480374302547
138,4,0.7311926608465589,169.41634835908465
138,5,0.5075397353429061,73.33984739743222
139,1,0.5726642420993029,381.5585992807655
139,2,0.9463932457605938,101.7944306760153
139,4,0.7311926608465589,170.1475410199312
139,5,0.44287776998047135,73.78272516741269
140,1,0.7248988081194092,382.2834980888849
140,2,0.3591833668944662,102.15361404290977
140,4,0.7311926608465589,170.87873368077774
140,5,0.15509542197627404,73.93782058938896
141,1,1.9675110777042266,384.25100916658914
141,2,2.3305485646004076,104.48416260751017
141,4,0.7311926608465865,171.60992634162432
141,5,0.38459882929648825,74.32241941868546
142,1,1.3869370796997273,385.6379462462889
142,2,0.14325126085952308,104.6274138683697
142,5,1.1321649517921084,75.45458437047756
143,1,3.558531785528422,389.1964780318173
143,2,0.7795303101675238,105.40694417853723
143,5,0.23993658566669884,75.69452095614426
144,1,0.6958433825606435,389.892321414378
144,2,0.46465830152843773,105.87160248006566
144,5,0.34431624198060196,76.03883719812487
145,1,1.2918356740948231,391.18415708847283
145,2,0.6470975072996961,106.51869998736535
145,5,0.13172246743171384,76.17055966555658
146,1,2.845718771971828,394.02987586044463
146,2,0.3602226018092248,106.87892258917458
146,5,0.45594658595783044,76.62650625151441
147,1,1.7115774665726702,395.7414533270173
147,2,0.27303664083498025,107.15195923000955
147,5,0.22175343530558556,76.84825968682
148,1,1.9522379953028095,397.69369132232015
148,2,0.6759758054541316,107.82793503546368
148,5,0.4541822639084247,77.30244195072842
149,1,0.9231710489798199,398.6168623713
149,2,0.27480629757297875,108.10274133303666
149,5,0.21409214263316842,77.51653409336159
150,1,3.002350833035607,401.6192132043356
150,2,0.8308326676515906,108.93357400068825
150,5,0.08381671028928205,77.60035080365087
151,1,2.3910345017744827,404.0102477061101
151,2,0.9391943681485576,109.87276836883682
151,5,0.03255552131098068,77.63290632496185
152,1,1.8320633131832875,405.8423110192934
152,2,1.46387735510364,111.33664572394045
152,5,0.012883470453429658,77.64578979541528
153,1,0.38151163000053073,406.22382264929394
153,2,0.28953014246723247,111.62617586640768
153,5,0.32655209532634016,77.97234189074162
154,1,0.6343046418302025,406.85812729112416
154,2,1.4615163238485567,113.08769219025623
154,5,0.03812946849754626,78.01047135923916
155,1,1.4085874921593158,408.2667147832835
155,2,8.068192210695765,121.155884400952
155,5,0.03812946849754626,78.0486008277367
156,1,1.133476597853355,409.40019138113684
156,2,3.3071410459215875,124.46302544687359
156,5,0.03812946849754626,78.08673029623425
157,1,0.6559836033601837,410.05617498449703
157,2,3.6179316172497433,128.08095706412334
157,5,0.03812946849754626,78.1248597647318
158,1,1.7520860283983148,411.80826101289534
158,2,1.4407245486887519,129.5216816128121
158,5,1.2902425833662339,79.41510234809803
159,1,0.34314908236530267,412.15141009526064
159,2,0.5467529456563507,130.06843455846845
159,5,0.1363071459743763,79.5514094940724
160,1,0.8996145087554945,413.05102460401616
160,2,0.9394671161621375,131.0079016746306
160,5,1.1668212095288186,80.71823070360122
161,1,1.9668965532659626,415.0179211572821
161,2,0.8452152781123865,131.853116952743
161,5,0.028479832819695333,80.74671053642092
162,1,2.371744627609321,417.3896657848914
162,2,0.737329400058838,132.59044635280182
162,5,2.295002271407604,83.04171280782853
163,1,2.539865412329727,419.92953119722114
163,2,0.15747422524314558,132.74792057804495
163,5,0.36341075848506854,83.4051235663136
164,1,0.9470226139400814,420.8765538111612
164,2,0.4874491050794786,133.23536968312445
164,5,0.13042087378341857,83.53554444009703
165,1,1.3040661102925495,422.18061992145374
165,2,0.6501914767794561,133.88556115990392
165,5,0.37045663528593326,83.90600107538296
166,1,0.45541036961585235,422.6360302910696
166,2,0.5164850089463274,134.40204616885023
166,5,0.3846238615065442,84.2906249368895
167,1,3.435878286729508,426.0719085777991
167,2,0.791437850545464,135.1934840193957
167,5,1.8209640075000149,86.11158894438951
168,1,2.983684316340578,429.0555928941397
168,2,0.48108554565741335,135.6745695650531
168,5,0.8454523218807285,86.95704126627024
169,1,3.0608389195348575,432.1164318136745
169,2,0.8041801438991641,136.47874970895228
169,5,0.48767679343275966,87.44471805970299
170,1,2.7469577174130317,434.86338953108753
170,2,0.2666518595508348,136.74540156850313
170,5,1.1472689413570856,88.59198700106008
171,1,0.673625589134371,435.5370151202219
171,2,0.6888045646200169,137.43420613312315
171,5,1.1385381317642866,89.73052513282437
172,1,0.9631264672102983,436.5001415874322
172,2,0.21723070827684926,137.6514368414
172,5,1.4559744070428575,91.18649953986723
173,1,3.054115553216762,439.554257140649
173,2,0.7031781521635011,138.3546149935635
173,5,1.2570898397984638,92.4435893796657
174,1,4.545088390553772,444.09934553120274
174,2,0.26327391738279315,138.6178889109463
174,5,0.5399094229052931,92.98349880257099
175,1,0.7736160701163812,444.8729616013191
175,2,0.2378590581619077,138.85574796910822
175,5,1.0692792384780123,94.05277804104901
176,1,23.497057597343282,468.37001919866236
176,2,0.40212949016498906,139.2578774592732
176,5,0.14666276346694387,94.19944080451596
177,1,32.985553770069494,501.35557296873185
177,2,1.093330963077852,140.35120842235105
177,5,0.1466627634669418,94.3461035679829
178,1,6.028125975316972,507.38369894404883
178,2,0.9338111448203474,141.2850195671714
178,5,0.1466627634669418,94.49276633144983
179,1,50.46184523932433,557.8455441833731
179,2,0.2915232207811766,141.57654278795258
179,5,0.1466627634669418,94.63942909491676
180,1,12.849409287721606,570.6949534710948
180,2,0.6402254652640796,142.21676825321666
180,5,6.274289393001083,100.91371848791785
181,1,47.17781774487021,617.872771215965
181,2,0.2468379735313282,142.463606226748
181,5,1.9425076311340288,102.85622611905188
182,1,18.948697584260902,636.821468800226
182,2,1.294904795204447,143.75851102195244
182,5,4.405427008921808,107.26165312797369
183,1,7.988014145740369,644.8094829459664
183,2,0.18165110991961433,143.94016213187206
183,5,0.14854136327576142,107.41019449124946
184,1,37.19656989198485,682.0060528379512
184,2,1.2407050882491344,145.1808672201212
184,5,0.14854136327576142,107.55873585452522
185,1,4.977287850032224,686.9833406879834
185,2,0.571549166748734,145.75241638686992
185,5,1.1284094594571805,108.6871453139824
186,1,1.0636147512416234,688.046955439225
186,2,0.21071219796207724,145.963128584832
186,5,5.605440802855331,114.29258611683773
187,1,0.6739873373554023,688.7209427765804
187,2,0.40172391333687035,146.36485249816886
187,5,2.1984625406644387,116.49104865750216
188,1,0.7994331212658827,689.5203758978463
188,2,0.18637495922210218,146.55122745739095
188,5,0.6368544858927573,117.12790314339492
189,1,2.412693455625747,691.9330693534721
189,2,0.5820078910262443,147.1332353484172
189,5,0.6325825176751041,117.76048566107002
190,1,0.5482152234189227,692.481284576891
190,2,0.21262504117556283,147.34586038959276
190,5,1.1549535803461153,118.91543924141614
191,1,32.13738424170964,724.6186688186006
191,2,0.07186098895153581,147.4177213785443
191,5,1.8964604155719658,120.8118996569881
192,1,8.949595338026393,733.5682641566269
192,2,0.01903756546251949,147.4367589440068
192,5,0.5621652496857061,121.37406490667381
193,1,4.217839867131775,737.7861040237588
193,2,0.7358689349566548,148.17262787896345
193,5,0.1713749614281828,121.545439868102
194,1,4.39057022676001,742.1766742505188
194,2,0.2725082985091025,148.44513617747256
194,5,0.6676780935866393,122.21311796168864
195,1,40.36274619569901,782.5394204462178
195,2,0.24326692098979152,148.68840309846235
195,5,0.12381059340439443,122.33692855509304
196,1,8.713330944645831,791.2527513908636
196,2,0.09603953801841447,148.78444263648075
196,5,0.5572952620145999,122.89422381710764
197,1,0.1869701959326941,791.4397215867963
197,2,0.03934618473687511,148.82378882121762
197,5,0.557295262014575,123.45151907912222
198,1,0.43669616737609956,791.8764177541724
198,2,0.3474710149102316,149.17125983612786
198,5,1.0630662206002652,124.51458529972248
199,1,5.575081539491199,797.4514992936636
199,2,0.5287709934045122,149.70003082953238
199,5,0.5881396301115307,125.10272492983401
200,1,37.461600552132836,834.9130998457964
200,2,0.36338742715872613,150.0634182566911
200,5,1.1428345355233815,126.24555946535739
201,1,11.474319742507726,846.3874195883042
201,2,0.14159852138214873,150.20501677807326
201,5,0.3644011499325918,126.60996061528998
202,1,26.60188802655874,872.9893076148629
202,2,0.6846399200241917,150.88965669809744
202,5,2.8421285542677484,129.45208916955772
203,1,10.522451750862075,883.511759365725
203,2,0.1541630208281115,151.04381971892556
203,5,1.6156977440618638,131.06778691361959
204,1,1.7101031767765984,885.2218625425015
204,2,0.2907084673402348,151.3345281862658
204,5,0.996408360310924,132.06419527393052
205,1,0.11020575933707237,885.3320683018386
205,2,0.22527153852573703,151.55979972479153
205,5,1.003072548820311,133.06726782275084
206,1,0.770549338389043,886.1026176402277
206,2,0.6596431704392889,152.21944289523083
206,5,2.778102327584482,135.84537015033533
207,1,1.4697108128083332,887.572328453036
207,2,0.5767251909738703,152.7961680862047
207,5,0.8822115182309699,136.7275816685663
208,1,1.2856382398450452,888.8579666928811
208,2,0.4531237903487101,153.2492918765534
208,5,0.3763218607392602,137.10390352930557
209,1,31.569590841820574,920.4275575347017
209,2,0.3164202627199961,153.5657121392734
209,5,0.2210337562503421,137.3249372855559
210,1,11.291882685409348,931.719440220111
210,2,0.5930340631539219,154.1587462024273
210,5,0.40909332460165526,137.73403061015756
211,1,43.109184247535296,974.8286244676463
211,2,0.7083481968300493,154.86709439925735
211,5,0.24712044173235417,137.98115105188992
212,1,17.743141876843758,992.57176634449
212,2,5.80840401785077,160.67549841710812
212,5,0.38927380903729153,138.37042486092722
213,1,5.677624621794939,998.249390966285
213,2,0.6632336353246897,161.33873205243282
213,5,0.3512338869879408,138.72165874791514
214,1,4.695412415702059,1002.9448033819871
214,2,0.21582142258869105,161.55455347502152
214,5,0.43992876090695276,139.1615875088221
215,1,1.730135721240235,1004.6749391032273
215,2,1.0779287677150848,162.63248224273661
215,5,1.8074940516647486,140.96908156048684
216,1,2.8100631774903313,1007.4850022807176
216,2,0.10063532807958522,162.7331175708162
216,5,2.0791153238722355,143.04819688435907
217,1,2.7762320281658,1010.2612343088834
217,2,0.38401948396051677,163.11713705477672
217,5,2.383586733572993,145.43178361793207
218,1,2.572003242570509,1012.833237551454
218,2,0.15886074746391776,163.27599780224062
218,5,2.2256410097039825,147.65742462763606
219,1,0.6721500426280851,1013.5053875940821
219,2,0.25944648108423873,163.53544428332486
219,5,1.6988237660903813,149.35624839372645
220,1,1.98149335134122,1015.4868809454233
220,2,0.4058356287329503,163.9412799120578
220,5,0.8692727314627431,150.22552112518918
221,1,1.98149335134122,1017.4683742967645
221,2,0.25956014438083597,164.20084005643864
221,5,0.4409984316329469,150.66651955682212
222,1,1.98149335134122,1019.4498676481057
222,2,0.08998733312200302,164.29082738956063
222,5,1.687737094161638,152.35425665098376
223,1,4.449217525564219,1023.89908517367
223,2,0.4747694267581655,164.7655968163188
223,5,0.9624842187002303,153.316740869684
224,1,1.2248110754721468,1025.123896249142
224,2,0.49817612871211037,165.26377294503092
224,5,2.6943965283481415,156.01113739803213
225,1,1.1314637591408332,1026.2553600082829
225,2,1.419948030980703,166.6837209760116
225,5,1.5507818904781199,157.56191928851024
226,1,2.0206141403013285,1028.2759741485843
226,2,0.9053416806208868,167.5890626566325
226,5,0.6851603721604377,158.24707966067066
227,1,0.391556318798943,1028.6675304673831
227,2,0.5469815113219691,168.13604416795448
227,5,1.3163062217031651,159.56338588237384
228,1,0.8257435847412041,1029.4932740521244
228,2,0.20902684593225904,168.34507101388675
228,5,0.713105207266038,160.27649108963988
229,1,1.491491385734291,1030.9847654378586
229,2,0.2853542066266875,168.63042522051344
229,5,1.1587086963717341,161.43519978601162
230,1,0.9168875951914924,1031.90165303305
230,2,0.6386618890595477,169.26908710957298
230,5,2.255053962735698,163.69025374874732
231,1,0.6890752863496882,1032.5907283193997
231,2,0.24396619844319084,169.51305330801617
231,5,0.5174728289790965,164.20772657772642
232,1,9.408129400750749,1041.9988577201505
232,2,1.2371349023559643,170.75018821037213
232,5,3.911193572499162,168.1189201502256
233,1,6.959629935354427,1048.9584876555048
233,2,0.7310424511650978,171.48123066153724
233,5,1.1932687903357768,169.31218894056136
234,1,0.43803955966876246,1049.3965272151736
234,2,0.5819496141230126,172.06318027566024
234,5,2.5145062592108274,171.8266951997722
235,1,1.9836146440359423,1051.3801418592095
235,2,1.1425301512892074,173.20571042694945
235,5,2.5189420978251613,174.34563729759736
236,1,1.983614644036056,1053.3637565032457
236,2,0.13342164635347167,173.33913207330292
236,5,0.95712024422134,175.3027575418187
237,1,1.9836146440359992,1055.3473711472816
237,2,0.6328408400291031,173.97197291333202
237,5,1.1164986099733498,176.41925615179204
238,1,1.983614644036056,1057.3309857913177
238,2,0.8647430516635267,174.83671596499556
238,5,0.6349046269748683,177.0541607787669
239,1,1.9836146440359423,1059.3146004353537
239,2,0.9316825217039464,175.7683984866995
239,5,1.5553096011382903,178.6094703799052
240,1,1.983614644036056,1061.2982150793898
240,2,0.9718585448467544,176.74025703154626
240,5,0.16764528911618437,178.77711566902138
241,1,1.9836146440359423,1063.2818297234257
241,2,1.3519731224402427,178.09223015398652
241,5,1.3727671963880235,180.1498828654094
242,1,1.9836146440359992,1065.2654443674617
242,2,0.8580339055535461,178.95026405954007
242,5,0.39944139735566897,180.54932426276508
243,1,1.9836146440359992,1067.2490590114976
243,2,1.3327544479189681,180.28301850745905
243,5,0.47400035801763923,181.02332462078272
244,1,1.9836146440359423,1069.2326736555335
244,2,0.5076113836280374,180.7906298910871
244,5,0.5906636259507381,181.61398824673344
245,1,1.983614644036056,1071.2162882995697
245,2,0.8495027614688598,181.64013265255596
245,5,1.1982222895308208,182.81221053626427
246,1,1.983614644036056,1073.1999029436058
246,2,0.4496635178767098,182.08979617043266
246,5,1.33237418773278,184.14458472399704
247,1,41.32402645285603,1114.5239293964619
247,2,2.095600602700732,184.1853967731334
247,5,0.17583863054720295,184.32042335454423
248,1,1.1850507825359509,1115.7089801789978
248,2,0.543408046253073,184.72880481938645
248,5,0.17583863054722998,184.49626198509145
249,1,0.7894912030654683,1116.4984713820631
249,2,2.512167828519228,187.2409726479057
249,5,1.1264012313755483,185.622663216467
250,1,0.7894912030653546,1117.2879625851285
250,2,0.7537139096764487,187.99468655758213
250,5,1.5589403820207222,187.18160359848773
251,1,27.350276807439748,1144.6382393925683
251,2,0.36988166256520183,188.36456822014733
251,5,0.3109412850596184,187.49254488354734
252,1,5.156632042680361,1149.7948714352485
252,2,0.5735282723654831,188.9380964925128
252,5,0.3109412850596184,187.80348616860695
253,1,0.15079151136752877,1149.945662946616
253,2,0.8265319683867657,189.7646284608996
253,5,0.31094128505957874,188.11442745366654
254,1,1.127631805068932,1151.073294751685
254,2,2.607337136315491,192.37196559721508
254,5,0.31094128505959856,188.42536873872612
255,1,2.0628673486343825,1153.1361621003193
255,2,0.3472202580303376,192.71918585524543
255,5,2.880182968164085,191.3055517068902
256,1,2.0628673486344393,1155.1990294489538
256,2,0.6559651327733702,193.3751509880188
256,5,0.5266232966131007,191.83217500350332
257,1,40.50801434247435,1195.707043791428
257,2,1.1136899085542533,194.48884089657304
257,5,0.30233381013490673,192.13450881363823
258,1,4.325353710905119,1200.0323975023332
258,2,1.4337156290261737,195.92255652559922
258,5,0.3023338101349632,192.4368426237732
